Id,Name,Surname,Gender,PhoneNum,Region,Birthday,Date Joined,Salary,Username,Idnumber
NV001,Simon,Walsh,Male,0901234567,England,13/06/1995,2010,113810.15,SimonNV001,123456789012
NV002,Jasmine,Miller,Female,0912345678,Northern Ireland,25/02/1989,2012,36919.73,JasmineNV002,234567890123
NV003,Liam,Brown,Male,0923456789,England,21/03/1982,2015,101536.83,LiamNV003,345678901234
NV004,Trevor,Parr,Male,0934567890,Wales,17/10/1980,2017,1421.52,TrevorNV004,456789012345
NV005,Deirdre,Pullman,Female,0945678901,England,28/11/1997,2020,35639.79,DeirdreNV005,567890123456
NV006,Ava,Coleman,Female,0956789012,Wales,4/5/1991,2013,122443.77,AvaNV006,678901234567
NV007,Dorothy,Thomson,Female,0967890123,England,24/01/1980,2018,42879.84,DorothyNV007,789012345678
NV008,Lisa,Knox,Female,0978901234,Scotland,9/8/1985,2011,36680.17,LisaNV008,890123456789
NV009,Ruth,Campbell,Female,0989012345,Wales,5/3/1979,2014,74284.35,RuthNV009,901234567890
NV010,Dominic,Parr,Male,0990123456,England,12/4/1993,2016,10912.45,DominicNV010,012345678901
NV011,Dominic,Lewis,Male,0902345678,England,29/12/1984,2019,39667.83,DominicNV011,123456789012
NV012,Benjamin,Grant,Male,0913456789,England,18/11/1978,2021,32281.62,BenjaminNV012,234567890123
NV013,Ryan,MacDonald,Male,0924567890,England,22/05/1986,2015,40781.63,RyanNV013,345678901234
NV014,Thomas,Lawrence,Male,0935678901,Scotland,13/01/1997,2017,48791.46,ThomasNV014,456789012345
NV015,Madeleine,Marshall,Female,0946789012,Wales,30/06/1983,2010,2846.03,MadeleineNV015,567890123456
NV016,Nicholas,Newman,Male,0957890123,England,2/7/1989,2012,2116.85,NicholasNV016,678901234567
NV017,Grace,Hill,Female,0968901234,Scotland,27/08/1976,2018,10356.31,GraceNV017,789012345678
NV018,Samantha,Coleman,Female,0979012345,Scotland,15/04/1982,2013,3801.69,SamanthaNV018,890123456789
NV019,William,Ince,Male,0980123456,England,6/9/1999,2016,65534.69,WilliamNV019,901234567890
NV020,Audrey,Jones,Female,0991234567,England,19/01/1980,2020,11462.64,AudreyNV020,012345678901
NV021,Boris,Johnston,Male,0903456789,Wales,23/09/1987,2011,31778.9,BorisNV021,123456789012
NV022,Jason,Butler,Male,0914567890,Scotland,5/7/1992,2019,21252.97,JasonNV022,234567890123
NV023,Deirdre,McDonald,Female,0925678901,Wales,14/10/1981,2015,66785.78,DeirdreNV023,345678901234
NV024,Carl,Quinn,Male,0936789012,Scotland,9/5/1975,2021,6580.81,CarlNV024,456789012345
NV025,Jennifer,Hughes,Female,0947890123,England,24/11/1986,2014,20505.32,JenniferNV025,567890123456
NV026,Richard,Fraser,Male,0958901234,Scotland,8/6/1991,2017,43249.26,RichardNV026,678901234567
NV027,Rachel,McGrath,Female,0969012345,Northern Ireland,13/07/1983,2012,3967.2,RachelNV027,789012345678
NV028,Alison,Fisher,Female,0970123456,England,18/02/1988,2010,3428.56,AlisonNV028,890123456789
NV029,Lucas,Mackenzie,Male,0981234567,Scotland,27/03/1984,2013,20516.1,LucasNV029,901234567890
NV030,Luke,Wilkins,Male,0992345678,England,29/08/1982,2016,10813.83,LukeNV030,012345678901
NV031,Megan,Bell,Female,0904567890,England,10/10/1990,2018,38889.76,MeganNV031,123456789012
NV032,Warren,Edmunds,Male,0915678901,Wales,21/07/1987,2011,14094.01,WarrenNV032,234567890123
NV033,Grace,Chapman,Female,0926789012,Scotland,3/1/1979,2020,25865.2,GraceNV033,345678901234
NV034,Jake,Wilson,Male,0937890123,England,6/11/1983,2019,5833.62,JakeNV034,456789012345
NV035,Karen,Dyer,Female,0948901234,England,13/04/1990,2015,77809.59,KarenNV035,567890123456
NV036,Yvonne,Thomson,Female,0959012345,England,27/12/1976,2017,31680.67,YvonneNV036,678901234567
NV037,Sophie,Gill,Female,0960123456,England,25/09/1995,2014,20504.37,SophieNV037,789012345678
NV038,Robert,Cornish,Male,0971234567,England,12/3/1981,2021,5688.36,RobertNV038,890123456789
NV039,Luke,Martin,Male,0982345678,Scotland,17/08/1985,2012,12848.59,LukeNV039,901234567890
NV040,Gavin,Pullman,Male,0993456789,Scotland,5/9/1977,2013,114456.23,GavinNV040,012345678901
NV041,Edward,Terry,Male,0905678901,England,20/06/1988,2016,51412.6,EdwardNV041,123456789012
NV042,Diane,Black,Female,0916789012,England,3/4/1984,2010,9695.7,DianeNV042,234567890123
NV043,Jake,Morgan,Male,0927890123,Scotland,23/05/1999,2018,114021.21,JakeNV043,345678901234
NV044,Yvonne,Churchill,Female,0938901234,Northern Ireland,2/1/1986,2015,107728.07,YvonneNV044,456789012345
NV045,Dorothy,Johnston,Female,0949012345,England,14/09/1975,2011,2893.19,DorothyNV045,567890123456
NV046,Lisa,Berry,Female,0950123456,Scotland,10/7/1990,2019,54589.61,LisaNV046,678901234567
NV047,Leah,Nolan,Female,0961234567,Scotland,6/3/1982,2017,59501.63,LeahNV047,789012345678
NV048,Carolyn,Lewis,Female,0972345678,Northern Ireland,28/10/1993,2020,14337.82,CarolynNV048,890123456789
NV049,Simon,Ball,Male,0983456789,England,7/12/1978,2014,23921.89,SimonNV049,901234567890
NV050,Charles,Nolan,Male,0994567890,England,17/11/1984,2013,39034.14,CharlesNV050,012345678901
NV051,Sophie,Wilkins,Female,0906789012,England,19/05/1992,2012,1401.43,SophieNV051,123456789012
NV052,Kimberly,James,Female,0917890123,England,11/8/1989,2021,41626.25,KimberlyNV052,234567890123
NV053,Madeleine,Ellison,Female,0928901234,England,22/02/1983,2018,47551.7,MadeleineNV053,345678901234
NV054,Irene,MacLeod,Female,0939012345,England,30/12/1985,2024,24187.98,IreneNV054,456789012345
