id,name,type,import_date,price,public_date,manager_id
ac716bc39ad56baa1d217ade11acd260227ef9b61c365e6ad9e5303236622550,d727109c81ebd934fb0c95c7309d4ad3447141707154bd6114e9410fabb0dec5,baae53432bbddf20bb09e73384787570cc660ff8b8f40198da6153f1f4620b45,2022-11-12,7c06074c73123fdf1e18b9288bb3d67e0636485ca18e2b5f01b6ddc2609f4961,c668e646666bdc4d62780bc4346f11ea95c3c741723102a3ca984ab2ec7aa8d0,6dc48c5e983515a16a7024638b95b69735739945b7621369ae81bb6a8f402d45
0bca366dedfb43a95a03a993322f30952e4b454549dfc6b5b1350241f5c36d9c,95c5058826e9f44275f0ef5ff6ff41f4bb431a989dc1391483e3032a75fa77bd,f449f9f57dee7758aee93505a695535703ad42b86f68281e9bdd3e169abc86cd,2023-05-03,84cc5db28be847dd80aca5160a95d40160191cb0d6e7e6548431960d56361c01,4b4c03823016d56fbe83089a0d3ea1cb4c9d2b8e34a882d2914346765249e381,fe1f808899ca0dc6e844fd3a80e7ba9b540eeb5dfd00eaca724cb77b97251584
5d1135e44a3ffed5a9fa557fcff34e277952255fbea74e48e7aa64511cd13420,4a686c639c9ff46d8f14282c901757230470751384793f4cb46c9de12d9ecb29,1b608ed4190ecc10953534f5b0387a344cdbe14c87bedcd70566f02496b1d1bd,2023-04-14,77375a83214bf04ea7c0d924946b031d69361d2ed003c5850f5c8f76ed1bfd0a,a99e05c54b78e7cb9fa158382264e3fdd10e2a95e397bfcf7222cceb43c8b34c,f7ea206db2cf25f9f11c709d3efadb6c5aadc693477005f62bf59bc2819b4701
f65e78353361771de700d26693a51c132f70ed7cca5da6cbca44e29552664abc,6ead7e37a3593fec7b3a4ecfc157cb34a31cbfc2da75b0cc6ec2d569894b87ac,c2a78b8372ce47166f19c00033ed55caf7b4ce6e21ee90dab57f12d8c604e049,2023-08-18,bba277d182c447a80918d30b89776ad3aee60c0a6bfae2ce15890a699645d068,b4f83c452cdc67605183a3b7b5cff93c36f23b7f3aab6556270421988b337995,bbad8268181f84ca5a27b1685038a29f524921b5776f1bad4548e23845cb8b4a
47008a6b843e71b49b6e85718432fb28b6f29087bf519f271770dad9304f6261,e28b11b3eba265da85063de8f31a1fb79ed4f6a6953cbc11713c491c1c602631,098bb0832eb58eb00824db8f1e46df025b71c70320bd9a538b97a9c75534a604,2023-09-30,7e9232fe84d746c7c9643c62e4f3188f3444c2e3f15c4f604ae1aff54e041a2c,d0dc67966171d75aa8db7f30264f897eb2465bbd9784c92e4649487846f56e48,506953d586431d9710c6aea9e9120bbb2f5f4939b463a27a4e8b47a232d9c03d
4e60c6c612e17e6596f1d0d6de0c53249016bfe763a67f769a1582a2c5a5a8f1,ea07fb2de25b5890852bf2536cce107f663a7e24cad96a5364b76ee8edb07554,b3108f44d07925331926d59302ddbddae75945fdf7183ec5c3f925a53eb843d3,2023-05-17,58273a21cbed389481b1eabba375f713eb1a186fbfb1fd8452bf9997c4d4c0d1,f41d0d3470d32124388ae50cc4d58abb38d57b9548eef529c76603dbe17571f4,d5519836991520bbbe8f3e3c40a56934a7bb7f8d2b5424378a845b7102d54873
039088c1e61f5985b05fbc762491aa7563b402bbbdec6fc0385ea15bf538eb60,0b7ca0a36cc6cb4345b56faba94686f054c0063a4d8fced207f085e844542c21,a5ae9f8d8b3c8649cff62ef39372239759a0c0ab7e38fab00e20c08fcf3d8698,2023-08-28,d3df3a62ad9df5d322223044f35c2a76c140124a73e527ad3312ef7007866834,a8d5c2485704cb53680b292432be433630639e557f5ef6434fe626f81c492520,230be9fec31a1f38c6bc7ded938d4dc611b26298aadc2b40c3b82cc83ed42967
661fda83717881a41e80c4d99f291fd2a5e32f724b47a5e6ecf669f432fa50a6,da22afbdc9b9a838e088c902b742fcf25908bf3cb467186d4b0834aab007e181,2d67d1abbd378c519d9af73073f1e9b5a6439f61dd3d0173fefde5746bc444ac,2023-06-06,a496ec2778947d7635576d0d58bf28faa74a5042fa47d49acf90bc41b677a4e7,f515b13ee86a03521737b87ad512d6cc8ccb71719402e89783f5e9dc16a838ad,6e6fcae067cceb45e056a66689dbc2b98d31b14a2c4d22b7e5d24428cac02bee
ecbcc2127e3dfe34e6cfd270e53b3c08df8fe93f170c173ec4d926ffd38b5bac,8e8615b0ba3d64e1836231a39eeab9ed5a6a3755c6814002a9a87b3f81b3945b,551c1966da2ed835b01f3f15d169c43a555e4f4a8720ae035f78884692cf605e,2023-01-07,5c326586da73c4c84bc53fe4b0c9a1144b9560ae8ba5b601db03246cbb41eb73,ee0a8f0d6b922de752246fd1c96e00ef06adcc468b432cfaf7ad74620ccf9b2d,17913b39a8e49c50d1dc4f3c2a1c1e968b8afec9106aa969b37de02b20f8f607
f5a94cf2294e876ef0ad57e4ea5b72c1a4f456a8ffc91b894ad3477dc0cd9e81,cbdc1be5876c9b580f5fb228f56053f6c5c1f1043c1339be311b07a6c42365b0,e06803fd760a1cc256ae4b7a1f0d68dd84d3bec6904e50227de6e4bfad586f5e,2023-05-20,6a81ce9ba04fbe3d150e141221e856593a97500acd1b07bea00a568728229818,485ee71956b496299697dea2c1e6cf261f430e2d841d80e233bf5509e06e33be,daa25125a3551a31cd5ea2a4b7d2738de3aa3dd49e420b151244b976ad53754e
2a5d904dd846a97dfcd60ed7e99e285005ee28c775b199bf0f80a625785e37eb,761088c6821606ed44e2dabbef85b099ab3c893d626e9cfcbead86d16069b5e3,3c76053db76f47cd6ebbde9c03293694ab559fa75eb18de41aa731c51d887a3d,2022-12-05,9decd49e36fd0abbd866c8f8161f4eb05296ad390538e716137df9e6a0ac34d5,ee9b4436fd6e0f7b3b5c1285c9a6e87718db6a9b341923065e2498abeabd27ac,c1925ca7befb4ba89ca5bfb143966d020b808856971d8bf18e9d58100f1c5d60
5e05c983da16e447d6571eb597b266a4c7a2a4dcc24a99defc6e709d205cf01f,b6e5fb1733daab49ba5ba93ef2798fc2254168bf0cead8df2fd23adbec37f53c,0e2c3ef169c443ab07094d3715a3fb9923e6dab5070696b58f5930960a228de0,2023-01-28,b623555c1e136e1902b9d30d5edf3ef6bd56e2cd6c771c814c3579364761ef5a,8aa407244c2b2a36581f5a089cd93cd151795c63f33e5e7a52e29ce77020a9e1,31eeba737c3df3b92feb62c8f29d6c7cc8d98d8f3d94b514f0517e64adbfa314
47a33580dd6c30769bb14df561f0b152fa33cfb05ff86ea7c4db1f4f39f1edf8,ee3a6b728280d7fce880cd969a455e07b6a2d565bcf03e9a49834798dfd93b45,ed6da8fb90f80a014b228d45c421dbaf2663b10d56d20827c89d603e1f1b9e0e,2022-11-03,2ca0ecca7dc1717ce013f73211bb0702521a66d478c178db27f32cd8bcd22c44,2541fe03e7f91919b986e2218885b630b309ff1f4db155652adc169a1b6aecb1,eac7a73d058616d77c258fed7c7cdb63e69c295a765e740830a252d372a97978
5ebc2b773e1204a023edcca1e769485f2659814cb016d0640682274ac5f16ae3,30a6519005e4f946c327f59c9951976bb80050c8b3b6a241473bf7110416f887,e6c545e9902bc727b77090cd9d5a2a91cda3471f96bf61bb659292f14571a8c1,2022-12-14,acab2d136af30f0c5fcd68d39c397c3dac7a42238a8949b6b5da557acf1d57f5,19b5683055bdae157f28eacc882089b6ff60832ee899817098e3f4c402bec633,aa0ef873bb202a9d446be09bbbf865b7a4e7ceba968f46b061ec4f892c1fbeba
18486bfd3a0abcdfa5b101bfda72cc6619e7e371734b1557673cbff07b715ca2,19e3f56f750a4602f7583f8a75752cf6e93ef12c40f79b004a8954b9f39fe6bc,38fdcb4f8c0c74093a4a76e9efd95069c9b2507ee0a0179946b47675b005358a,2023-08-26,36677770306b54aa86bf58f707aee2ef3da0aa709b4d3eb53c6a344058d275a8,7d3ace171bb66fb48501b7cd1dc317b02beda0cbd26137e0800f905f15e3b48c,fbc0155cb445696e70ab21d6083f3db3cc73d5dfb2fc0b8b4aa2ea8e4b24f371
444bfa1e8c459f8f99c3e4342910cbbc0572d57a473af6aa2242689fee3fd212,d3b8b07f5fd85aadcce5c45c1c284f59a33626572d316de12b5a6477352c7bf5,52026a29ab1e98149f3497d0adda55e6bb6d4f416a3a4905a868558c15c6010f,2023-10-18,492674257b576b3d1c8887ddae1f0323fec6840483392d87e5e4403c2c195566,3e5722bd9d74bb56af809ca416a81cd6c7be139fc39217ee67121b2969015cdc,60b334f101c72c0154b98bc5371c6139e07277a38cfaa8f4b2f3966174f9cbac
dec913c8b0a8d46826b4d87a2623c815d65e97978320a606b251bd60feb0c4c6,fc3af1b4d7a78db5516726bac8118c289dd5969fb6588f472a019fe9913de538,1df5f8ec30e1fa55c6e83558f2ac0f386b37abfec7047ac2ef3a6695aae9e123,2023-08-23,5cde49e320a8ac677c018904b3eb9bf76f3df14b8a92ffe31b999521b0e12908,06e526e01a1864d650be6a1022caa209f8412e046dc213232662fbe2f95876f2,3c2fa4ce11fcda095d93cb28cd6b8dcbf073f2c2011d5c321590acb33f5e96e3
0e181c914bae1978023d20fe43fe6714ec0ac6789c06dca28c7a7d819c4a602b,dace0341c889d5a6914f5173a739eabdd42b748f2ac14084657f769880ba68d0,0f89a77c82961de754793252f367d9acc486d6f377e00183e77e10b0a0b5981d,2023-03-13,cf198afbb9e14fed202b8cfea5310b838d57726ae1bb3e3835160d00038fab19,094660c4daddc6770e99b6b0246f8f0bfc85548a7374b0515055b25439025b2c,893556c9fff8ce3b0e83628a0e57970d13b589ab7ddf95cc7e1c301aa2dac5b9
6cf75424bbf890cac0f03730e45a64c852ca009cd20a30553e9c16c07e0fe676,942af7a32be69edd0626a941622e7cf99b646c1f791e4468d994cdf675f89a53,84270346425c9a484e56764adc7db7fa215c33556816ec4f088c5e21b3cd9530,2022-11-12,e93c6a6643507c5e002c00a884b61e3cf400083e245fc7bf8728b5ecdc06bdba,c6380bc3831a063e4ebaa36bdba2f2d479c4dda3a00711d02a2ce22c50e84283,dffb34f5873d7d9dc6160c6510379caa1b005497460e619c71dc2fe62ced3090
d098a19ca12fca693d654a76869c92f912baab6ff7d892b742a1236f2eef6af5,88709a7ad17b86c1ff22ac75a067602d8cece2a55724d9bb45de66a9c24f12c9,2531b5c04ba3f714a9217c46a1fd60aff70b0d91c99d544cb991e188f177aff1,2023-10-31,862683dd61ccacd8a859b2ee9b238eba5ff82965d6bcee6b5d4959eba7ec85db,f0eb2372e9360d9af0bb40f848f0980ad47749537b6af882952b1e2f9735546a,d178eb118b74a886c1fa78fa99d7e21f54bea801102130c72b0d6f75dec28934
4f4d7d2268680cefd47115bdeafa97cc486d6d1a452a0bb8f23317a978e22c1f,84333007aa62a998030d387b329e0da3fc8d186ee37f7ae6b9f518a39edba0bc,195f3e169c9546704ed96367e8efb1f27f53095e14307c4205cd39e73bbef084,2022-12-26,df2db1e8dd03392406fddc2a3ff8600e3ae33ebce08439e29b61575174edb4b0,eafe4d3242cb21ed7477b2a8f87b15e266337c43155a26f538e9a7b75be29a08,7b753876dfe95523685da16bde41484080b5b152b6642a4d6e084d2f52b198c9
378ab7c2af0cdf62b0e16c823751e89c356e0e9db96f17713458fb2419289317,90331fb410b52d1c0d164ee00dbf0b20d6e767c56f4ec59dd89102c6508873b3,ccd0be660344d44ae82d547f7ccec2a903ea0932f6f048826ab95e410c0f8181,2023-10-22,5a6fc41221eee95e4cc75c640657104df9f44c2f47ae64c10b7eb6f0fb034700,56b39a32737244ddc12655be028d079fc79a7d4224d86b53c7c4fdad383cb602,b62c42ddf058ae326e407d99f1b3558a8f018836cdda480a3c42fabedb8fc3ef
64131026ed6bb5802b10457308242826fb7730b9a0f4198c3cd715719357b3eb,57cbc530a11531ef7d941c82fb15b099857459aec7ae6ec3ffa48f66e2f5f2b8,99159e0cd571381aad48c561942e44aedfb747fb61e2757536d99cff6b7dd535,2023-03-31,86fe0a2dcb30fecbe13082bce0b5d9c90737f0b053ac10e4033acd3c85e3f466,f7f6c66dcdb8512dd4396619536887e18dca071db5eaf16d6871c5c4c5ad1595,5a64562b2ab2b3e2e572fbcc2f0ec5c407d962d3a24c59c282c48f35760fa8c6
dad6dc683759b2044fc47fbb23e70371e969d5c82d53f9d832ab528d66ef9b7f,c1b8c6a355b7e250e2272717b480dd4f39fd84969fd3db6685f35752d2ef9afd,1b183d55d26ee8fc72f15f3753bdc1aa2a92a54040a5665e001c97907f799c3e,2022-11-01,f286d37e6d5b3a137563a4b1c8d444713c553786ae95c0b5459b550493c71c9f,e12ab8a6f60cba0cb73269b089a60dd38f56363629bf0bff34a474fc3a2a7fd0,4a73bd71e23b1bea495bf03bc606e82a99e9a68a465ec9f616f770fffe66bd8d
2470265bf15ae8b450c5d2ed92b36dbd0de83291477c14fe9344d8f93bfbfce7,c356b20fea2b71548a7aa9f604422ad5a9316515b172f44cab85bb8027ba1bd2,7ba9af167dbb3c3f2b7cd490f5913cce23a56140b96385a6172977e4adeb0931,2022-12-18,ea09f41563bd1ebd9107188a1a67ebd453fd4dd319d5bf8f0b831145f0edcb92,cb3ce46bad36c8206b03775d5cefb4ff7289789fc14198169a79c8f6d54c19bb,c4b6a34171aaa13bc685218d9adfd8d22f86d450f8f9eb7e22b908e239659bea
cac33e279819660eebdb989b72654165d206fe9fa3063c4630925ed1427e6528,622c6dbd9d35b8fe2eca6310eb6be8d5e1ead5f0832f4b38c925365dffd7b346,1880b8a5466ee9338072ca3036510dd6fc0c48888fe0eb5b0f7ea0b0473d164d,2023-07-27,21394c62f381a7ca32bcd4782733d41467aff6090b5deea6f9b37b5b4360979a,b5660f5565fcee2987d99745ac98c0619c8e3057329635a1c96a05d821750c7c,9141b2fc7910c2a456d8640b996317c3b68b49260f4c31b1c31220e291d9fad6
233ca5c7f15945ef20e88cba2f938c98fdd291d911a03f87af566ec6e0c8452b,515df90447603eccd90a7215d9f3699591be4fbc72e6e26f668ab5191980fe6c,a0a52ae828ae4a6800dd37356f8d8c27d641b3fda07eed1d7074f241f4502ada,2023-06-03,1de116b34f59354d5a29900c535f234c698597bc88cd1c16d156aa4165cbef72,5ce6d5b0b701083b7f011d20064e46d40d2afd0b2f13db07c163972ce294f0c7,69956deb89971237f503e12d9f997a13edac5b4f9c4df9c98cdc594522d720f0
81a71838e97a142fe08de351eb6ab69ca2e7c8f1776dec364309c38757ee6050,f6b6e79e24f25af265c04e21234b1b593dd9771a0350aa990303b8965682a393,da8e0b65bfa9bb878a4f2da437d0b74f1b9bd85a34abbf560a8cef87bc260182,2022-12-09,e702243be2e23eaeed6e9df96b3d871263d30ba2a32c38d5b7d666fbf1d94e10,2d705db8bfec5453b2d66f0b917f07b08be4e163e22f4356ae699383b3bcb903,6ed46e4a81bec9ae4ba2b69711bf303f7c853524b5b1d0780e6e25d7ca0d8b40
78ff109ceb4b6b3f538753fb300312fb5e5ffd37786e34578e5439931142bf5c,57962467216b63810a6c20881b7aa7e8eda30422d81c3c949bb6de25bf08cc3a,db2d2a1e31d6e0ccde6ab3ac7ff4cad69bec53e941e865bebbbde3682760f141,2023-09-05,240f4e182ebcb8b2e180a046984646944781514be70192bb3c17e0acf8bf8d9d,5a8fdbff1476153fe64cd58103b9d659f5a5b51b479a0fe24e773acb62e48bee,43ebde3952f864999d219c70eb2d1722a141f304a30426af05565829599e7e86
bbbbed18398690eeab83ac9bd34f9f99cb17b7251ac3ae39bc622c2917addbe0,d5617a81cd91881414074a0f25db0fd903a2a9a8dec41e9f4f22399b99f89206,b5fa37d6fddabe5fb860da1d5a312c4e5468b6b492f9d3f8cce81fc2e1d42b4a,2022-12-16,21019471fa9327b0615e0f879ad99136323d082515899faf0b196fcb87f90a34,9813a7c41049f95c2af236bb31380426cc5a6f2efe0d5901e03672aa175e2619,2541ad26ed61409fb9ec89c3fd5ae02dd00135049bba5e0a5664f9a0c063f93c
225bb8a08221b00cb2f6a84fb64e6da8654366ab1bf30286e7b15bcccf281229,93a79ff1ea711271c39d0f41c18764f06d19051cc39d8f161a820613151d5ae5,af6c5d07c057efdcc40578ed90dc703f58a272c8d01e531e623b5ca4a7d8b947,2023-07-25,b4f3b0f07a404e45a3d01571c279ef28e51d38f845c87ee4168c4829114c2297,5315f6e6c3a9a28d7b68f96e45b409d37a1e1b3c76a6ce050c19ba925f2558ad,f6ebfa46dd132a0edc215e10e7b9a8f6e0a5be828fc579a3979e629670fcfef5
3ebed893e87646f21ce2242d2ccd599071d20d47118bb283dd5382a91384053f,5468e036bf74071bd4e4a5df91167798552d33f88d32c2d22d8ce37dd9ff0a8a,c89e2e277b2ab3d80212cae0c3e30508df38e027b17e9f46c0383555c343a87d,2023-10-02,00012a04fa7a15b19287cb5f022e4904f484bb2f192252652ae580229a8b51aa,70114b42b26f4eca59c928d8f5704360576b010d6fe1a4a8af8836305b6f7933,85fa7400f6b6121001d95a4d29d2af44bfd9d41522ca9035e1baa13016e06065
96ad125232db112ab83e51296b4132bcfed55c64a0a2dfbdaac39c94669c1d25,1a9fdd3d030793bbe142ce8f7ac9c990a89555f44c134420f3cf4df6b9496129,b04cd5aff4d04083c26455676e761781b94b5eeee2748923e2b78ff484c7aadd,2023-10-23,583ab46e0c53bb69b6b9c244d0c81a4da56480901a74c2a1ca616055db907e93,74c3d44e923ac172ebe1c292a2de51761de7ec0933049fad6019f876d50514a2,5c3f84dc5acda7fb6db4b258860e4fe1a7749863dfa5cc71c4e80919ed0bbdda
7f64373b96d6d387e4174c06a9fb7df11ec30e4ef964e494cd77f2d9b5304f3a,91289bd54ae9db068b751c414b4fcc9f15d7476eec6a57a1f4b11571f0551f4e,089765758ba820c3652fecd1aa7f685f1aaf989b767f215a56405145db0c8f98,2022-12-29,3c5661c262b899a43c6d25de89e5126d2adcd262f633e7ebc7843cab83114c8e,198925a4a1f5b8c8fc94de55bf06cf9a6d04010c4718e3b556c5799fc8991554,93cf131e87b338db3604fae5bbc66a4e4f645cbab2b36acaf9447d2836668f3c
8a8c8644fe446c8258f6d2a7a417fd09a2743da8573d20ffe8bf807e8ed1eddc,c2c74ae2bed1a0bd6632e78dce0cca0387988beee2f5e694913b5e52b99768f6,ecfb94c687b1998720911098ec9e5951225f5e736e85944e15f615d59d88e344,2023-11-13,6c492ef36dba2dc7732455b047a06b0ebd349228416e58aec8a898f7f26d09bd,8153bcb2b65219450f856e7e56fb683c54224f6711c7cb823a4e81c191d01c38,2e02253ae0e0f291455a189d8a906fc5d06f19836caf48be17a05552e637c527
7aa319b6565171de75ee0999eb39cbb16534fb4a96e18cac0d79361d534aed28,e2fd923cb0aba7290b7508f3e41a4815a7ab3b3fbb4ddbb3983bc18aec8799bf,6583de97faf56e59a1336232e947e6623e87e51ce99d5ac3600364f9b1a69c06,2023-01-06,41d69719a7f5563ca813c76e8b703a58226e6eb1b247448b34baeb887e5b23cd,a9aa65cdd0bffc806d65b987213d74c3829d1845d72454b320b9a995530de970,e8116647ca93f1cc578fdb11544248d185b5a0d0093b788d51cf96523baafe54
0cc27d213d94f63c67dfed5238c87ecc64244be82e1436d7962ef2b23960cd13,4d6b587a8e341ce28faeb9a81b3256197dfad0dfbbadefef77d460e5d644e260,f2af05a6d41237279dfef26c1f2158fee1394f78d313481cf0cc50ffa3d5a757,2023-02-15,d89d95cf59d5164bc8ad77115f5965539ccf24888ee27ea81a605dc0831a0016,88df54445aa2fff99f7bd93548ba3c35fd0d8b6984a6aa00f167008c133d0508,c90ee69720195402fd150409a878ee8e5128d4e97dbef45210bf251e8b8f557e
f6758e18732523524e407abc639f1774a4839d83c66a2b99581fed5f09290735,b372476c7cc8bb7c1356f36bc8648c7f39a7f879c68cfdf5cf131e099efba81d,ef8299919c0790a7b441f46d7da50c9832dd0f4099a905cb3a5f58ff84f2064b,2023-01-21,db644686432dabdd4905e69cdbdbd692e7ce4db742c23a079ac35cb08b108615,7541cf690193e4acf3a98fd2852cd7d4927a4c836dabff8375de1bfed3e0f9a3,5420e0afa4fb0f3c3fbddc50138bd90a8e23bbdf6367829e3240969c9952c5af
c2ca42416827fa243e4ab27b7449da634ecbe924df6ac8d25dec7745b0c035db,d675eed74418710f12c123c4394ac540c70a1f01aeb3a821113b3dd72a480400,219e9f8ef71a17ad73f2d029fbdc319f0d168d04f9da844435446f725366679d,2023-01-13,996ab9f8b2a1920d2e8b9f7ac5ff26d503523064bf46aa98ab993c44d44653a0,154bfea1b89c30f09acd4236e86c0ada39dd610b07162667077f4aab1ddc296f,2359743e30272f50eaa7c1c24292fb2ff36240bbbb2bddf5060249ee8ba39ec1
bc18289b5ce6ba9d48bbaaef8fee1958357896ac192f1c9fa6507820a86763c7,0de201e3ccf7c6cd5a84f75cd56501d0db749748378a6dffff4953b6de587d5a,831079a54352f0e2aa2730d0e0b86bda1ecf0fcd83b302dbeb657af61f1b3551,2023-07-15,7e3b5ef8b1c4cc5d1636bf33bfd6f8db4956e321580ad3406d80d3920a47ffc8,ab61fee955bb9f4d0a6ae328cc6fc995d601fe5351841201e6fb9cec91757391,d7973fb866a7cfd4a9c53cdf90dcfa4bfbbb5b639abc95ef376debede4a51364
76dc7cc966c871bdef1f1ee67d70a166f304aafdaaca1cc481d8c476cb0b25e0,e99c1ffe818afbc42716e5242b994ba94c4377de3ecd93de69ea1479e4d93f30,dc1cfa0750d3a9406fb2488a5704e57691856c0598575f8b5bb9a1c17ca7baf9,2023-01-12,47b7fa37e389cf1b3b9811eab54f1961579455887f36e4891db905fe2b3415af,42c361d3121f6239cbc1da3c3599b4ecf76caec416c716f4eff2199d376da4c9,0164c06b4dbbfbbe5bbb03c76a97a5766359e2ec546519c85103e5cc348eb8b8
d09c06cb84286821b86bf3d50ed986988304ebf5814d9143e322d4539c658640,6a3e06d027ee10a3b04c3e6cb2ad96fede2cd1e22ae481fe4b5daace3f065735,bf400a3d0aec318fdd6d55a629af295308d2b9a1bb2a4d523a5f13cac2d1c584,2023-04-29,ef1f277c107e92d5f825f0423fd13980a4816e7d36a3982bc017c3a506164f39,1912c444bf11c977d66ee5a4858d8125b445f572e3664e25a5f9a6a566755822,6f310591274247b3becb5ec3f72ee5e7f9c89cf0b408e98f2c209b6ffb7ae760
8115dcd33b8efad4cda17dd56a5122fe07ac243c04b24c84738ad7fb9c91e1de,75a3052607fd286dca8f3b53e818bc3c154288ad0d574d0b322669f706eb9a08,26860467b68f12c9c0a065b9ce74c0bcdd58abadd17be295464146aa2f845bb5,2022-11-09,1b986e5aac0fcd87ccc8fb96334333509a27d91da9f7911ed66278ff35f2f10a,a78fa41fe8e153904785020195214e5ae8c1f7413f727621f6612579fdbfdc03,41d6c93a078f58e4c3342d66506dd16bcaf42bfe06239037cb54e6454dae8560
f8234a2749d1fc8f7afe754f4bce4f2799f97c5cc87f9f4e2affad29150f2347,fd5f81bdb0ac753a8246bcd84d7f39171e11de8685675bea49d96d5886dc6b00,c3bc51751a3f7a635aa1a240d29b8ecc2dfd259e00fed03c61c2a0c1fe1ba5d5,2023-02-27,73b9fa679dec8c8af1ad382bbe20a699447d4d6cb7940e8ebb10dc1897f12417,f49ccd86355ca5f0cbab7579c1d4067c02964474e6040db6b6a7a636a4466400,1a1464f1c8132b1c3eeabe093474e18a316bd5590d4b3bfafe45f5ab7c33ab85
8282e5015a9909d2d9be411ee1a4941a33aae0670a9c1c480b6366aacb8d959c,b3ea21bf90911c29226453078bebc750acab4d78e36810913690acf0721a50c9,f4f5cac76124704c2821e3801f8deaac52c6842d5223fa336c74683c1bb0402d,2023-08-28,ce2c137c2806b1ff1f8bd317c1a0f4ed73eb1951138689f840ccaf447d63e89f,6998403122f9882661fb6ad3e1ba25c781c1c101e608c2e8813b1284487d7e26,dbdda44a1763c87d8654f54a415fc70bdd4dd0b89b40d4f98613aa6ce453b41f
284b6e0d155e68674d41aee6fadff103cc777ae2e657aa426aa6e783880f7a7b,eb111b32c02abf6076edcfe50f77a5a5bd3fc296c01a4be774a5441df27ff244,147866a648733690071785d3952475f3bde13e09b4b8e9f658c80f236b71b9ae,2023-07-19,51fd6195ab090d352d94bdcfe9f3f5092e9872f7fd3b55c0da6c74437b45e030,c2836006e737cac239e25fb8617460a48b7bf06186297a449c101f8a8ca769d4,d14ef0f4af3ccb14aa82600e648f9abe6eaf09708b4fa8a6f84e36a813fc03e3
865851a9fb92b8ea50477b36bbfe150d9f41b53ba88c65be65fd11dcdf5e4740,fb9e9e5b510073cb7781f77760e0d6add33f36153ed32d7a9f312aa424bc4a93,9c728f20ae70a29421677c6ab9fca3bcd65d5aee699e500836cdec325e3892f5,2022-11-08,87389c228671f99b652a0ef15da4459cb35d95d4fef6c5ed803222abd74b94cc,8da67e3bb6b5c192bc5fea93b036b7dfd4a3e59fa63b1da0fecdf40d5b024353,b417506235f39517d7eaea9296e37c34b4416325b09444aaad503772fe27a6d1
051eeb937d8078d4349655dbec18e11177746e33029f88e4244ea252a72c91df,c981e82f1e90b4d52eb4fa38b8aedb8a59225ab65cc0b724c91d85d2f8371643,e63f2525ae426d1d647a94682f22279d4147f669731dc27290383b23b6ad577f,2023-03-13,4728508e4ad167d9463bee6b10c67f843de5d974807deb71d9ef6003ea5a16a7,37bc31c11c489338d34fd2ec630d750adcb8dbf98aa6444f2612febda5918656,1fcb421f252cb6dc99b12839c4c61f31e8331a7a9123f98e9ca4e2ca9dfbb27a
e9d2b498407053f53be2c9b7347ba58f3f031e278d147c6cf3f06f054f9b0fb2,bbec425de6a6ccd4218a94ab0b0ed7d39517540eec2def4cf32409001c96b56c,841642870b1ecd903ad2d6e7b3d23c8c2e65bf5cdfc983a9407e09b09baba04d,2023-11-08,f7fd6796f0ba6be314e6d1931cfb85cd2efddc84b974b5620dd182d29f351c3d,791137aeb7e334954f949d02ea1887d6ac637093dc7bef07b2091eaf0fb1fe6b,49a163dfb378d85e726f9c738345391e4e5302b3343564b8c23adaf251a3433b
0f686a4ca1bc0e5ae2eb50968c7a56c048a4607223ce6b9c37edce12a8e6084c,ba2d0bb957c5f3531b63d0c8fbf1293f96a6ff3a89c02212c4fba0eb1aefe552,fcaac1343434452c992b66f197ec6be7e7bd848c1a94e199378b891fce00b226,2023-03-21,c9e2f04f4536618e2ee8d31cbb5a899ae4d31dd833524ce2490d2aa67bd67d7a,d82ac19cd30428076452a559a679420e7d953a43db76a747f85d40014cfb5f80,7c445ca6230957d22c7bd442c95c90f4517bbadb68ef623b3771aa162c8eae70
1ca93de8f049ececf74de642ea17421b3e542517714ea518de222c971febe522,2e9d0d81db64c1c141e32333399c2af842deb202522415ade061273ff2a0356f,6a817b23b914f3fb1f81b694eb36a25c6d3409c754884fe05916525521772f06,2023-07-12,1e0f6cac25f0d23655c1b14846f3fcc101ca00ebcd7f7534187e90fea03b6e52,2db362f6ac48f3631823a621b04036d8da565472e05a2b14be1811dd5943e475,c9fdc25303f64349eff463a47eb5de6fc9ac4df352d0b8263138985a0d2a4147
4376b8b287c40661365ce2e234112158db4b61ff20496a18f0a7df25d9e20eac,92c65d9a0ab08a07e64211017e4425137c43f3d77b904b351b3a6f8c1ff42a34,a82f8dfba00123d8066b18a51cb1ff8994874a4cb5897aa3729b0ad51be5d719,2023-03-24,6fb2fbad9857e1add9acb10ab8b1b821dddefdcce139b8a54bafe4c7b80df034,c7ee3f6432adf26c85f5a453d29bda7ab162fdaf03d84d418e103e70b4be1504,c24ce1e5f0df435e5c356e5a82a4d81fca3c9cd3a2739fc5ab2f190004e23632
3a751768422dcc6b6856f9a0b67b9abe7534162c3f0ad3e8c0edaa6316a26955,a46fd42806e32537552414acd0e4d34af75a09956689d46b8d1d6d9a3af887ad,95de9b1ee1d29d0dc5d9e326419313f9b4b838d77cae5efb66ced5baf2a0c0a1,2022-12-04,ac27e48b9f6a158937261879b219bf203c734a64df01c408d7f192f7638b07c6,aafedce9ee8fbbe41f40127aef74514639fa773430790831b2e824bc3515acc2,15eddaf18677fe09800501845ce25deb85a2f58019a7f97daf77cd3ca2af1888
84a7c521083bc08d771294c17a793b188e2b66b1e2071f1f53f94f8a57ac8735,f31c16f7b98c258d8438775fc276ab6332f95e4dcfde502bffd47e20db7569b3,011d3184f47bcba4323cb80bf25b12ea06d59847d66128da1461bc48563f4a81,2023-08-20,95c4b81f0fc6740cf39b5788f8851d0a0fedc3afa60f4a69436d7b1dfce97344,db08decb838ed378316b7135c715a8269118991e675207197dbc7cd56ca880b7,f1f65476b2fd99784e8c6c6d42b9c9346d1e870b941891f95a9766de12784353
6cd73b7668c113c2faedef731789c78e039f390496c18e7980790d16d1aa8601,33e142ce60f37a2639a09e916e99e713a8f1a4a1c99cd328d641a3f5e62a6fc6,94d04eccb76c71d2b738b06e2db24aff97add7c92fe84e924f6d142399da61a0,2023-09-14,2f1bdfae529c8f553a720780bf2c1b462ec983c316480d731d351e8b2ae9fee6,6dcd06d38267e5701f8fc877c6c71306532d2f5aa3698af9d1278f975f8c729b,9497aed94be90a1c830466e1b2dd90a9feedb67c8a5c2b7414b0df2e245f1f19
9bb3d798d8e30f80e1998164676ddf788f3dbf1e5b48e6e139f3e969e4459642,2ff30c8d41a2d043530f88bd7f158b5c7703c31ab97e901a95776c33d8ac4a6b,0be7c74b5ed2d3981c47d36d5ca94a70703e4b43bb4f1c63ac0ef9c114f445ee,2023-09-03,4efdab56dd53496469e23ac1f7984977c1ee75246f14dfe6d8d81b8b8a95adad,412369ee1fd31c40f28c7ffd32d123d10fbc399bdc0c8352f9846d9fbc5b70c2,63abaa2b1cd361f873abac9b9d271ee94f0c25f1666dfde17db9806c3d4b2663
1e5b13782b61123133ae8a77f1b8ca28732ce0ee42e3394d503b1ccade315f6e,b8099fd9d36bf430e3bb29e75cbea855032977ca323ba49449623c3428549974,fcd3624b7ece52d311693c0c13046849f542d01d71dd4ecb5296e522f6cca05f,2023-01-15,a5fd7b110477e52615fecce44e0167a1cecf5aa9637cbc85da1f8bd52392ad9d,d6b111b65ace4ddfd109daf770afc7bc3ee2b4928cf673bab025cdb664bdf065,e5b98b37ee570da0ec267ded46021c9835191c8997d43931550b885065389123
f6ad7a7757573905cd68f9f16f5e0fc25d4abe2f0327b828a16ce4d8c2d8be7f,52df4bcdec94784d46e2f429809d5d267a03876e468be32b04cc7cd48191d7c4,05124c6b051a53d4552637011f709e0cff6127799d2ee209d9c18e7bb0ddad94,2023-09-30,adbe64e0b7ef6e15a6d0f6290774f3304164e703848c36c6f8b30d250f99f516,b674e0966f1674904f86b0140511bf43e5a17b48a92a6535608a977d2b0c680a,674027488522ec124905b9721ed9b33be94b7423e405d91e7c614407f0d9e75d
ac2de74cf2a89e535fe2fb7f785906d68975ddadb6d03ca0b20f2364b9ec458b,ce66f5edcc13811da516029480b611ea45c828bbe6556ab1c28cf355fece22e0,57a15a6c6073c36ad1fb5d7489beed1c656d001f415e864fa50371b2a1f456fd,2023-06-20,f6554ea1153f8313d2dd6552b4013b546c8ce6818212fe427e1d4506c9a3aa00,d4670f3b0360d8119ee3128375a9fbf2bcfa01583d7fc9724795baac895e58e1,209b39f1e3f59203db1a54e0e2b3ec55c14030a2801d6273ddfa1ddbd7128f53
bee77122dcfd1f818328a8536778b8ed52bee44a45d29a421d9aa4c9867f55b8,221173f2c0d7bea142d38dc2f2e77f50dfb73d3a32f280b38c4534b8671c25a3,14c4a36257067a4733b61d17fbbda7f372dea18fe922fe47ddf73a32288fc16e,2023-01-08,bc9ea4fcf8108aafe6dde2ca2e8d2bc6f60782b8894ef3f2d6ed75545cc30e7e,0e46a60bc2a11115f1742e4a261dbdf4643ea811a1cfa3b8dc4c97702ce53f22,4493e6570f91bc75f85dfa62490d3cdb6ed7e17f766aa070c7c3274b57811165
40b0e01f9d3756a92a9a11be4d8a500aa9740bc3c18ca775187220a006178be2,1465fc1f640f439dc72d0c154f1940082ae597560d11e0c638c25ca975c37101,22a51ed726945cd7fcfb39306723fe296cecda3ff9b5acc8edf45439535b713d,2023-05-21,365e39beffbddb70befca00bc7a94043920541585cd97c6f31dc27da27907388,d139e4c7b0816a061f2a1a35a3ef7e63d596bd08d5d10815f8138cd0c57d9d51,056c86741ed952c0d6741daedfadc21e96b9c4a43cfcee24e2c74bf49daea65d
b9caec95ed1f35339c5998f07610c4388a6207eed0e68f300c77a8a00f9c43e6,b7ab2f131cbf0b0ad6120f0d89b0c5cd4b206fc7e7bba224deb7e24bdf7586a3,ba448065ffcad5ce96ce2c44c34c7486057d06785fdd3a47d0a13da6f7a2e179,2023-11-21,ca6690b074c999ef12969c79f03ea8f944cc08ae34fcda3ea2936106c75fc9a9,b76d6b563d64a073ddd25ed93c3219c5e2caaa9e4fc7693f7de8656304f3e35f,1a9155bec02c8505223425af37d89ac5f0d0069b5b5da3e216322dcebe928d3e
d6b35d8f79d26e725454d4a03f062513a14293a9b815f46072d4987132b04cb8,2e32faa7728ff56e6436ef336da8eb996f11c207e2610c8c57068b6d62cbd723,282cecdb91c8a85ad4c0c1a6e963618401af750b39ae121a8db6b87f71b2134f,2022-12-25,b6075d47a308673f600dc8421009a430bf81b58d057e43a2c82b0ee6c35a345b,eb1ab46e9e292f71c1b94d5ed60e8f8295e9bf3cb283fed7ffeee8cb77778f7d,9245897e8af8fa7d369c1630e0c5b595ee91bfd7bf6cd8808702f2d89c74750e
1e1e6956a8956760a3294a068ea33e221e18d3d8c85e41f7692e09eb0d7b5bb9,74e21e630c4c423d18330819bb1d0bc2cc65f595aaaf78305a09a909e5e1073d,54b869446218e129fdc01a12f576438bba569224599d85a86f46a5c84a25ef74,2022-11-06,cb4cc4be3a6559eff010ba7a635bfb712b124ef55bb85a915c6e6061956609bb,e8610c1af2f2ad39084af19f47d7f39869aa5820fe16e208edb1cfa55b6868fe,7b9ec8e728db5f6e94b1ee598605d1f93b537712a92de9b122e9143610cfea2b
3bbb08b5cfec6888e7871dd12514e8b81fa63fa062eef16ed75b3024ec92dabd,3908df3dd61f3a696b10b374f068ff9abc1418f86eec561c7f5b5874976c0e7c,ee8f97b192e7de65aeeb9d346f6fd6ffa0182ebf9f411cb0c78642a54b548140,2023-08-04,cb1f149d06edfaeacc794f766dd106e8e16451032b727e20f9c5d7e116ba2a75,8ece68a72ac227911434173378f8354731dc45d52496e9bcb0d8d6d52ff2f5d1,b96f8ef441719983cef98ac5e745e071246d50f0558206692890d286decb3ce4
d8b3879e31c4d3bc1472e0dd8f70671c3e6ed70c8079ad54898d431cc26b5f49,924a4814e772189f7b6248193fbfcbe91f3ebabe78d3427634d6a3083a9b3b67,0de000c04cdd6cbc721c52cd0e5183399216f656c9b25cd4ec45dd421c98107f,2023-03-03,d454352298c7b0227855c6055017597175c11a70fdee71701d6f8445a1a531fe,af1b161599eb1d464769e936d59e996f7eab91f536e35b62c2aab6646af08128,062777ac83bd41c36fa043d2148f4cc1d00e93a8f00945ff5baada5d0972d8fe
cfe09ec2d0c471c18340d00c3f708b208ce2176b4c439431917316a3a3b3fa26,691ae968e865db2a9a9f1e5a93835b4ad53eed1b4acbc77bb91e7550837c5044,971a32d145193e9d82380937d1437d4f0baaf1fd2f78c28a668122adef36e864,2023-07-05,b01dfded7edd9959e51535712863a58fa338704df68db5e5ea5bc915286822dc,3f0aee4485e400f47b40b123dee523565cfbe133ae5f69ab38ee3074169ae6df,09fa22e7d9d54682ee6db44c2ca7d0b6350d3fc0699d22509345fcc1ce0efd8c
e769bf2ea0c44536a273fdc90198f4ad2e07896cc52a05adb4f42d8879e09ebd,71834a032bb640cf863f95833530d877760bab7518451a69e433530532d5ef19,cbdcf0a983b9cc4bc5b0a133d6b5ce9f09acbd9a85d0e8579ed7be94865b0661,2023-11-24,668001a755257e0c96bc82dcad6ff42b04c666e60690e4432fb00946574c1428,653cfab61bc7a1b85f0bd6371b56c90e283685ed229938a88e7b2caec9821996,926c8c82346806267f7ac1889e3b7ef9bbafee2c36641701150a5cf7600dfe2c
c2d3d3e99cfbff99158ca207225c6e662a07b32cee1927b5262b25de0c884fd4,56110d4689724daa9a7623757dfaa32d6676a4e83a8e2ff7c4b23c5c2f7c0a39,015e4990472866834a8c80db3d78c78d260e3f4313c52d57b4003f2761c6df31,2023-09-04,7ac99df6178513655c1d6f1b0affdd709a7844b2fb4044032d345dcd21f5cf32,4e242870dd6fbc14dfac18fea95f517bf3579b34547e4267c78255152990ff6c,3483a07e75afa39613101fdc401ce957b56ad88afad6d72334af84cd05a7e95d
0b795a105423e5f15539febbae634ce6255366696a6cecb47b29458ec4ec478e,ac1cb5b65c30e99c313292cf64bc9fac2b7dbb5761c020b1cd69cea2fb7e382c,3122e142b2b71750564242dd14303768ec61817b92ea1d70913d9416c1ab7188,2023-04-14,e88a9800d214e151a9fcbef970eb3b8fefaca797cd74670807d246f021949f98,a1ae0e1b5ca26ef1088e1ea8848d9b9de6810a841a79f19569bf6c8651e9a8eb,5e4e2422a5aca19a1fbf638bd6b96a43820b9570f81ebd622a093b2f354d92c0
7afe361bfe4e09b546d33e2fb4b0055a2cde854136d830633eeab5c897a9abad,08149a1895c4f76531e4e7a62eb12f94c827834fe66c0daef553b5be9fba9603,1ec8f1bd3b4fa8bd42d8d3be391894797a4cf13b18b8f85576d9c24499a0aed4,2022-12-26,40c6915fe7a042906bbc03b3abc3f1129fb9a7ffa1b3bfffc810aeaa41061f33,120f563ae7f18cdbb7f6d28fcf71e3b6cbd3d9ea235a330c1ebe4868606aa13e,b78e4fb59d63cffe3d54847e35ba63bb9ad447616619b0e5a3a91104fe80ce89
d7b25cd3c7ec10e210e25ea6c0c699163f916857c4698b6db9b8909cc92209fb,9facda31ecb25504d4eef150daca06ed2c24afac94e5ef387989a5b0dc37475c,3fffefb03e74e07bd1ed2742d5d6c416880ee6d47844724b78bd1b42eef74100,2023-04-01,73784e155f53b794adfbabf02647b9c3c25d0e1fcdbb18d766c86fbefb9ea808,70aaff69fe771a035d0d969502413e05c06f6dfd4594c4cff06c41f38d5f0c44,34202ae0e46ab9dcfbaa5538add69f97d2b899a0fd79b002a3af30a5e85a304b
c306242ed54bf3725cb013588748faaad97e1b7c8845f9321a479f2bb73553d4,85d35276eb0493afdbf97445ea4440823e5ebbfe3248f3c0c525d2e2a8ad045d,ae3b668eb2f74e9522078cdf29c4ef21e1d6b992375923ec28c5e04efd27edce,2023-04-02,81189faaa2a761970a764b67bb98cda3d93a0b87bfea25574197c033568d2e8f,e21cf44a576047b9868505eba2b1c6a4dea909453f2f468c14993310dc66a1dc,7651f612bf9c275a742bb3e5c8f00598442a1009c48374eac41cc80cd78760df
15d4f640510d14f7dc51e7f1565ef92860faa250ef17a55275e99f8b28ffd914,02306da5e303de9704a4354c01658888fcf6d5ae25230932beb556387d877ff1,5e856c0796f0112c683e98b9d540553e23d202dd1526bc22f515b5039173c9d7,2022-11-26,3dfd73e2508e1534508867a5ec12901c6d2d4096593fe0eb7bf25fc926dc6238,0c869f153c4908d1d1ffedb525947119f5d3b42d79391bbeb5a414b103a8e1da,33005472934cc9bdfadeda5aaa9dc0f02951e9750488c98e2518fcf8119acd06
a664b5d7ce1e8651289fbc040ebf03c565525bd9472a7f15c11913eaf16f4b20,44b8923307b9c23abaef2c378fec26b29ea3bbf294de3a1f453d3705258f36f8,53b50b429574d4e2b621b90a97a0a3d28cda4aa811e7c0028dee74ee9de1faab,2023-10-25,ea529e0896ec8d28a4f5d4306dd5890c06412b43f5b6145e94c77c6fca7a1943,45f2998b26103e75cbc46a7bab8b08b773d21c5ff6f0c6dcdfb57588add69977,5fe092aee6fa3f2c08455a569db8c72b075649c95743e2f436ac184e184a2920
7c005cfb4459004c82fb9e3b4c7e694e85e9ef1ca7c2024808937b4eab0cc792,90d9cf7e1af1857fc4c3a5e1d701115edf0560f44fb124369d51c7d470f31f42,e590d0fd7befbdb00442cecffe8aef4232ed7b13f490ea33c95a05e42d099c03,2023-10-12,5968d26c0d1a256855afd5f06f287fffd8b59e42bcf291eedb03fd1fe408c845,1f39df0ac562f8226d60c1a18b91515a56191d723ab6b497107272fd7e89dd8b,3bbf5f9e5d9e602c8fd0294e4b9ac5ad6df9e49acc302f11de7f604f55d25b56
ad5d3d7ec19ab1330c7cb9970e6e3ec183aa8436ba151270d3031a79ec4d2815,4c044419f07b6948210209a6ed06fd721f4ad3e7480cab06e420a5c87c6edffe,cd3eb5cd2ea605aa763fc34b4adcca9d7df05798a0ca5d11da3ff5653b0f7c21,2023-11-15,816c348c6db24de4bfaa4bdd8df89d47c3a9aab12f55714227778abba5da339d,23173dd7bb1df9ec3a6d3ed2b436186dc74fdcc876998aa89144c87f4081b02b,6b9b520c69231a94edb8a627bb52654a096b066fd8045fb612c1149a8c9b4ab9
9d94cd313e93b3a76d276d99b23a30e270f9cb6073141358d3a73a08a9df3d6c,fc589f27096ac16c5e98e12ca061c1c77401585690f98c9bd03ddbf57e87de52,3d0e7d656df39a71aaaacc10f6ece47b16d2e24857ded6ef967f45bb129689e5,2023-04-18,1d04f1338a1f5830aa44729259ca2d622fef50a88ffe88db8ed6320988939b89,185cafccfefeaeab9859d28b8581e68e8147df35845a19bc2e2b9da9af4f4238,628bc542b13f76523e82cc29680a3d5e25ee7e9fbd09466da05ff42dc04cce03
d712d4a9ac28b03df5bce82f268bb6068acc8f7e1475a0409657df9d11cc383c,afa0b96e92ddbaaf34c181bee41f0e5d329354dbf680fb92784b4520a49437bf,5ace88967d43e1a3c44f6d103a7a9edaccb1f84dda1128cc4ed02c150261934a,2023-04-24,21063ce07300d157bbd9d2e60b4f759349468f6d69d33f728b484986a50c228d,09340e2d4f246f89cb6098ff4a277ee9da8cc319ec1953db73a91469ee78feac,8a7ee7de0c62c433d890e9e26f3579d7f3acf8cbf8406c3c585850ef54c16b86
c671b86166e609f0000dd07ac90f035cf16e83481bec8a287c6e966e848783f0,d9c14e0866f6e89120ce07d123858b90188db96617627bbceb9292683c8be72d,35fd459af5dd8406dd052b79faa7644ac79a8ac4000b3155eae00568c9c05447,2022-12-09,7499eeba8742d4156453cde960e740de4a7979fc940cef910bdaed9847a0d353,ee42d18781a08f84edd7f7c71b05521b9df14794b666cea9e054919df319b2ad,d67218f422b08714a044d0804deb133b41c35124b72a8c6d3075f35c25bd00ac
35e81667905b0667dc1e834325d6816b3fcfbbfc409c6c6e3e6e88eef0674f89,5def7ed48b0484a94a85b631cbda5a29ebfb7435eb5a3c7ae385f7c2019f6083,3075faad8cea53431ab2ad5f468547f801eb6449de3a13a3d2fc939744dfcb7d,2023-10-07,a9a49f386ab3a7590956cd84f6f86e0274b0031362bf4eaa9317709cfbf25e9d,1b65e320dfbac2e123c476b5aa32139bd5a9c77ee70b5aa5650a5efc49876e0b,a584144b32e699ece3f76ea2f79011ac8f67dff179ea8a3ef6b9213b43020f36
65b3c6ad61b8ac9636e9897ecfe3d7c57de9d959d712d2c8e7c138a09bbc641c,1f37da7a372ce72c3e559ee7708e1575708b1459fb263bfdf8ee81619211984e,19219c141016f8def54c9bd1466b9e6e943294bacc43c4f38e7ddd5f34efb6f3,2023-07-27,e9f1287d4e3b125069cbd3cc5f7eec413ca331ef1c910412fa411119088a9a78,d427f59cb2fd208ac86ea9cb433afd435c7e8e6057c0dfb04fc159ac3f9d5005,249f483660fab4ff1e223704b970e993a20a62dcc2ada0ace4e9529ff12a80af
a570b97f65169e016a3f601b6b1c6343238f0aca9366318520e4c9386db6c191,3a7d88b4d129d2ae77bee48bbf254b6d678aba2c5c306f0fde54bf23bb91ad8b,22ea420f977d9afed0ad04e988eb8a5e1ae19cc8287fe4bd02a8ca86c63157b7,2022-11-20,26b183de1289d1159c588491112da911d388853bedbb06f2f5f6570c3a21ec36,5800d1bbea14d6c87b24c712abeb2db6439f2d2263b48d37d99b41649d2f942b,9cb9ae80a43b1d5f30433cb3dd9981517c2b8d6e79695f043f4b6d3059e0d40a
5ebb8af6d20290c664c9eb879b7c7c92a28fd7d0202c00c979ce0c070fc67ea8,ee7eff987c16c46dc4f4d6173ca0b4539429df072797a750d32bba39f23d4c62,4dfa5835bdf94c116921849064a7c18c43c6e41a589b1fbe420a494bb868581a,2023-11-28,c679ff37871719f226dd397168bac5cb6033e72e63ad6ec4c08b7c64a334594d,f16d00c2b36dca85087b7ed79e3ed0d2389bed84e423c1d4e6d20221050d4438,26923fe383ce6e3af35eda9e94cc005952ee9c67d4ae20b57d7bacf307a5b80e
18a4172f7a8b31fad982a490c8cbc5bdeab7335c0ebb1f24ffd94097b739330a,35b1c2ae51e983acdec3a5a2f37e0110826e3ea4260a9a261f34abae6219bce0,6d07dfa11cfd40cc7bd52fc13bfae0a8a84caf336e3a1d785824f5e910726d6e,2023-05-26,4ffa90dde019658c179f20ed872559394fe5702d90a818a097a6db395c8f971d,e9d2be321db5f6703252e9e283ce5b9a962927086099159d2281645acb0a610d,02bce67ab222a3349ec501153fffe3af206a87532e02af42f674f1de23d06558
b1513e05dc27ce6c98907316a5ac405ee72afed9297ef89cd2c4b31b0d1f00d5,9412c2be85173e6fdf148970f4a7efa71fdfe3b0fef655016a4313f182787a22,3d50d3eb3317159461d3da73cf079ee71a65bed425897459c08f5770846791a1,2023-08-01,c2fadac2242ae9101ca741e875e215ab889236e26a2deeff83cf723ed9f16c54,05ef562c0acab6d800312949a94c3bf7c4d145a3eb9500973af90e23de48b1e4,dc7099f6a4262f8e26de0fe0193a9dd546cefd0a06cd400e806644980d54cab0
49bc13d082ffb61bf7f716169c720c9b84a5d7720aab0e3d3638a27dae30f04c,1650ae35fe0dc643d4c8f95ca9cd086e029e048ab0af0f79d409fa6a8691b3c9,d6d383079d712704ef9961e83bb865d3ba1c43daa7cc3ebdb34f73fc80a4ed6c,2023-04-20,e3b6365518d8c8ad0a8f6df22ea6ce95cedfb4e99f1e422df882362ba551c0ab,1375333bb4e7d390326cd74c0beecff3ab65960b316d05641113e5c5540de3f8,6ad067d6ad5ddbce345fa49674b3e37a4cc1312b5010fccf415b389399f90d53
1cd51a351f870f1da32b2dcbc6daa13f61d44faa15bb9fd1147a52c2e644d199,fa15046688f42f8358ef10adcdda17e8126343b7f1c98dd302bc859c0fa725f6,3cef1a415649a79b3f92bd9d0ec7d9efa7c2d091f08bbfea13fdb3d40b3bf5f7,2023-09-05,d27f887f5bd3a9339c625b123a3c4630d7e31fd225986c153d3f20970f3efccc,772f4f7057cae156c6df3957d98b9e49bb32a01418405b466d69b0213fb83ffe,837c791352a16d9ba37d2774cf01595114af6526bede46618a724014ea8a632f
002b0784cf7b457d1543296187eb178a1bbaf5afd725d8916e2a62c5dda9c54b,52945055fd08c83ac6449ceeed9d8e5d05384751be90f733f3988e16062c06ae,6fbffc7b69daf71a18f3fb97fee53a08699a5aa0bf443378c2b76fd6d0255531,2023-08-28,faf0eed5fadc4e67dfe9e9fe2270b66ac113dfca16d421240f4b5c3ab1027a79,591a9051e5b75b59a04148577a0be6ef6f446410ac751a9215fe3f5861de54f9,7f7993740e4fc6d00906e406d88dd29416912f2636a5b6f4192c69a22eb1e093
09fb802723d55c3bf36f48740eb1d6e60e7ac6e01458c7d15c412be8f4824043,2b3778d85642a9af85bb0dba363f7840cc65928f74a10c5b35deddf9a10bb221,4a3f7e8f600c5f97cea026fc6c95d1a47a2fe7f7fac56b80345e97c15753e6c2,2023-02-13,ecf7d01bcfa1616183757ec8da6d42a491ba39a2cfa228284babe99e42f69215,b3441f1ff83e97bf2d4c6c32d56ac635f6bb255a2ff9fd20884caf751ff144b5,2a12ce853f3a54686aac6149e395215d4470cbaa22ad8e7c38fc469681e527a0
ef1c0c34dd5440adaef68f1272e3af0c22795d44466507755f8bb7304bd673ee,a2fab41b34aaec011a3abacb0224ccf8989fee6e887dd3c1db9d62c5a83a14c1,11ab2f8426d59647f879af76b0dc445c415648d2ccc81001959f8ad8a21e623c,2023-09-28,35d1e05f6064dc385304eabc39bfb6a6cef38c840a5f20501172ca3634d74b4f,455463677c3be035be68a98112d20de7cf81dd4d993b909980db38c818757888,2619a04201163211e97dbb6e02b932afa3bf6f2d66421267b51813899881d8ae
f21ea02d1c3aa5d3082d466623fd8cf5a1a4a8761408501bbdc87d3d7528f36a,1be08b49f0b4cdca32dda9e213f42b99bf9c68732890471e97c04285d0676861,662d42f084a9302ee9accb1c5857378b29c4a8ba725620bdfeb13bfe00cdc6f3,2023-08-24,39485d21ca0a0cf897994cf46ba80f05a1036b5f19eb9de9684d3ddcf20d7b1b,afa46bfd3c5eab5179e8e522740565e3d19f2f688a2e49be13e8563b4b47193b,d4df3d4ce6b93f3fd7891dcef558366dce26e4958ff682119ef3efcb36a1aa47
a36f7ef4142f6c521e4516b2a6e9f649b859037759657782332b7773571f105e,4fa46c4f2dfc7104bfadc556f5f538773cc19ce95367bfb34c7b21a6d35298de,fcb8f2a55b36b33e01548f71b15b8992ffca4ade1580e75aae2f02b4bb45858f,2023-01-04,5cd283c5a97224e7a05aaf5947bb179023dbcfa5a2742f6b12a362defd1fa19c,7a231e6c75ba54b7ad32fc99510680909271299c5ae4839ad8714c05f5c5cbb1,a758fe996773f43adde96760c37e9af14ff835514635ef50425f92f2a2bdff6a
260e182eb7c38cd8c3830b2570331d8252f160d955c1dd4c2751c917c473d431,e4da5f0e1196e2baa995790b7808a51bf82966f2804ab57352915eba26e1753e,060e12fae1bf4c6ba2311167a628e00f7f28402f9ac6c460ae1401172342f5b7,2023-04-30,c7117feca7acbe04e5e2000fedc3c553fc193e47ac15b920f4ca88c4e89de3c8,dba66da14d973a0b31720ad27203c8f55c442d3b0cc7c79ef83166612ad2eb2e,f5388bd69344b81fc2e883f66744b3ae48f8d7e9a723765c440a7dd285349e96
98931af2f91da6b0937a818d408287aab4fcb9363f6c3d5804a845f8fc42a13a,756bc2875f96f755012bbc354221f5c854f3aeebcd4a9a777f46c2919cb5a78a,64c35b115793f1554b381416d9b9dd0d3236f75a16a062812b3136edc6758572,2023-11-18,14a778aae07e33896de37bb0f8fd39cf44c702754e03ee596f1ffac06394c203,a98b4e1915d1df9d0a10952037f866ba2b4178c2750f12848a1883e4e80202bc,fbb017657d7c1e8b6a5314809b97e88248e865548c598ad5abab5c3c05c99e4a
fac6e0fdd1511f6ea71a92ce8c841298e0dcc244b5c4095429d50a8d56d3996b,11a9b7174a090a0e1e876f5ecd381e291d4e9dfc45bbddfa888a2ecd3115eacf,57efad8fc0fc95af49bdfbcf81240aee782cb854ed7b1a74597a5969f8f6dd47,2023-11-01,2dc52ea26c26ef4f03b094a43850169871fd6bdefa96661abef23ff6d5ca3ba0,394fd01bced530611b05398d4a478f64f6d464e5c63bc36b459bc4b056b17578,85e4a796726d8ea8117865d123ac1cc9dff3d4b7b73b8484f7195275e0ab79b0
88a718955da93cc8f7a826a2741302167353fdb4b185fce77d2568849a88749d,ee692518c68de44317e73941fb73f3b9828440851257a09cf6d506ce1c6ddf8f,292b38883202caea806216ed427a7d4af72943205b261e97c53b9da05430de78,2023-07-08,45266f8b82d4eec13604c19c30ba725c6caa7aac67e24454d042b4242c46d5e7,6538e4b05e16144b19691bdbb09f1a0e2361b4e6fa492d9873b975ec92e0a200,d296de289827283946ad50a822ae2538b38087b6b61883d9c3a9c33a872eef82
1387389ab0e8ef6f8cae86ad7b0fe08e3fb740da110865910deb02392a923760,c725428dcb633efea8a7da473fc85bd76de67a1f1c2546793915053af89056e1,cdcee3a60dab43fc592486468a67550c01a7036da5fea1d21e19630054d34e6d,2023-11-22,ff88f1c7ce21c7bfceec592a14e4efee1f7fa10139e8a65568e0097e6796518e,d7d262df681e31660b90816fee16352a1a23bc1c4f93c79d513d1fa1a27e4da1,0b218341a567d98311d53fe08827d4e40def694cafe13fa5cb2df64132c3afd1
3d56f49be892ecd02bd0ad5ce0d653de026f4dfc0237f130673c55ce14d3a737,7b4958702992c1ab3178102145d583eb6fe2117006d6bc6000e32c289d203792,6af532e562322213aa5d39bbc65b6ce16ccc53a2bcb52bd6d0fab7213f1223a3,2023-05-16,973dbf5e3c70f86759b09d1d0be9d438182febf553c2c31a69e99ea42fd7e931,cbf8d8efb0ccb57b5b439c178c4fa36bf3c69bac29ab93504a38c5a44da3b8a3,06dcda56164505397cd3a208331694e7c1d841ddd45f56ef30fef80fc3a16a1f
cdb56c8b5a07ab6ddaea6051647534237dee008150a06168e68692d284f55c40,a4c04c0938f8bcba607468d221d2b5bcd7e8ddc19e8dd00530bd363dc948691f,e3e08c7ac9136a6a9de9deecc700f0823e7de96b5bf1e9fe442f4cc8a44c9660,2022-11-01,0abb778b1640a77e6f1f65aa3e52b310ab6c0718f0832b072531ffc81e414e7d,ab33ff26242cfd12f070369bd2c13c3b90f1b25196a45d17f3562e8cdee7371d,6c30b2cabcb4d4c1b8e64f022d2fd729c34394d38f21cdcdc23ce7f5df74ab13
7728df7c40a25611578d06511fd3af4e32406219ce0670ba9ddc72f645f7679a,59955626585cb181a067d35717e5156856c8fad1996d57138a6921dea14dc22f,eeb4715a082513028bc3b849e32555feca72b401fee477e2f932aa6f27e51e18,2023-05-12,2fd1a145973c195fd243da7854e26134c3a14087651a509b285336c4961e9c40,c4c320efd75db3f77e44707a3132bf301b4ed1e3c5dcdafb1ba5ba29f7e5f6b5,8a75fde39529ef1ece46582488b502f410de38601522e7046e1786d3c8f5f5d6
e2b315b555ad90193167ffe75acc4ffe4c4c1c34bc209a24e0d9be66864b21de,bb12237cbe39e4642506197f432d8a2d03951b2e0a76a653aad2e405cbd06f21,82ebe1e9d591a1b734c539f0cafde3b41acf83b6ea57fc09c8f2531e59911354,2023-11-13,5fd881715d53daedc27169ca6c97a4adb89dbafec669fd41797a83d0ef33df7b,51db22a5180e05debd35d1dbf75187ade79497a7a1cb169f4985b5820d8b31f5,11ce55377c300d6a929c71285f60f6660c0a200d2309e417a28887537ff6279a
72aa896af98b807ab4975d1456372ce338b7fc646ae2a2dfef5c450a836bd71e,59f890e1f9551af1ef6f6f662b8f3b860e579c089cd15997899baca755e86af6,00e90f027043e4f33170f7c18e5b4143c4ab58a401ae5da14b0e7307c2dd05ba,2023-03-26,a0c1dc0a3037cd08ae57a88c3b057f269ade7ab3e1f397a357c305713b8115d4,8c07dc43e5c2f724063174b04d0d8e9e0d9495a9c9ae6f619e158bfbbce7821c,8dde6bbab884a623f802188559659eada8c9ad3a92cca01d87a92edc9a513bbd
36e387f081a642915f35fb6baaf98875bd815d82e0e8520f01d88decd29cd95e,7974d8372987edf59c4ce731663dc7b1168cf4501eaad96a66c1a70e584e9288,2d0d66e9fa3d745fc9680c71db08d9cb1d67984b3f65620686a11189eaae58c9,2023-02-06,26a81c194d60e8e6732a671b6b96ad61bd77f9037e5b5003f05337c3b0fd64d2,c5b333507209ef1e68668daee14cc0ceadd2bcd4c1570d4fc7b65c92b145ade7,e7e9194b2ec83a0188d49a70c4a45a4a9f210dd33c88de17e3334ed74686db26
82ab82af4116ebee32c1953c40fe95f78b8b5ddd442a58424a2d54febd93d81b,a4f48b74de18e0c728d2079d7722b5f6a2d26182a42e21df517c18db5bb86566,8b448dfbe133786258002d1537ac506b281eb59fbfa18bc752a6e88dd02c4f7c,2023-04-10,0e8bacd9ed71f652182d629422d38c3cc2b6b0b0c5341fbe38b05cb6d2745512,09b793f2d384445caee8daa6d67e25ec20e488c4708e290cec977374d0301945,44716a3ddbf913f75926e6b11e15867f41959b615d5053e915608620e4b4c501
b73a096bb73d5a754450dff9bcaf746fd1070c2617e5d41c94a9994040b01ea4,3d9a538614500b0110885325e88569c05336d93a3004a4e0ac2268f5841af19e,078b26d51fca73eb63b6f02d262c50c640675bdd80fd553ea6367fc82586bbf6,2023-09-13,acaaf6ff4df2d2de8fd88d66c5d65730c5ee26437b79b1bcc58d727cf8ca55a4,7a022b4e56e82a5aeb630004631842bc81898cc56621f5879f081e3fb2d49702,8899204c42b4b2084c246284fd6d9ed5fddbb5f44a3d92829a1450b9019faed1
1ad6a49c6be4a3e3c547a271f391e786e4cfb66070e1a8d15440d5f92891eff3,e6d3500835752665fe33fc12d67b428aa7c4c1a41e19cb8062d34877393ef0e2,14a8989f316a63ed9abf0dfd6e7025cec4ef4a5a81961635b6e6f55e581dc29e,2023-09-21,249e5fe6d358c62fcdba23c992b0b279316bcd9716bbba2a2e787f7d40b44e8b,64b5fb9161118eb3ebc582588c7573b6e15e70c19c0f480ed37591eed520a2f4,dc3f87e8302f0fa1bcb82a51c580e4bb09f7bf1c226776362b74e1257c09cb11
65cd3bdcc620790d3babba1dbac4f81b7b6180a203c64852393fdd738e500bde,8582d736acdc75122aba3dba93dd2f740976169edd833e32898ba6b064868ad7,4771bb160004ef315e131b3da3330db28565b5e5b399ec180e2a08f09450c190,2023-01-19,b6d30d107ad398ca726b1bb2a347918ae43cc9948d071164cf39d2aecb1f170d,b90559c40bbf11ef72c108f4073717dcb34003609cf0142c6ce3e815aa04550c,4de661231f3aeebfab6ce737d30f39196faafdd41db3c48c3df49328900acb2a
b8e2e90d2580257514bfe5b7414d989b12bff0c83c7252f4f036d7e8f36fe47c,f015d050876834911585829dcfc7992226bf15a79be45036851baf03ccfbc7f8,f435a8d9614cc22c3d744e961c850d4cd66a6b6716a2d47b273d4e3458a85aa8,2023-04-01,308337569fbac49b1c1e8fffa889eb238ad8a55fd26aa1f803de9f12f03d1858,72f777082453d6f67413a41f16dda61f7298a7d93d31531f97784debfd29d4db,5fbadd80ea80d3794401bb9a1b157e5c9d60a89e12891988afaa9249d8eae9c1
94a552be812aed07253608afc3d7aa3c19edede77fa51d3356d062f0dad40dba,dde20298d6cd240ec338e67fd41a88ec0df7bbfa94e10e43e7aebe7c6ab3487d,8fd586f23b1f4f71e93e1e75f52450f7b1a28686451511fdd509a481a197cd27,2022-12-26,3e360cb4f2719f0ce2b32e6b22a7086b134f9ea60499a0cd24ce9aba987afaeb,e6a3836f5e2cbc2b06d59b24817ffd58582b10722cab4f6819807badc7042924,429f744205d20f7ce1f98f11a9b9e160fa221606c54a4fd74236d7d7f71f3d48
c440d6fbb3714761cef57e955ae1fc90cde3062cc7b08931745963c43f264d6c,c9d0acf93ca613f833fc964924360c0f12cd433ceb54da130c1f5436881164bb,58f4ba54da61af3cbe9f537d2177962d3b39fe911d6a6ab7479b7f967316b08b,2023-04-19,9d0da71d40aacbd36ae241c488bae87e2597c734e1c53fdd5d5a902e2af5693f,21dad2058b361b1ab779a3778f653cd2a9a3a2ca866a6faaa144baa5c536f9d4,941246c53c55f087172d2b29b7cdbde3960dc12928a037b6654f776ae122fe6e
9824535ae2c78099e4a31561cd8ff559e130987467dbfbdf7aaa68e27baf3531,b783682a97698931374978208b49f597b9a3dcba5ad18ea8fc745a539cc5ce81,af3697471090c0050ff9defc692bd9fbae754d0b8c2868bb01d7800e66901017,2023-01-22,daedc3b4727ee7888155c8300aa733a0ed0eab81f4d5b4640fbc6896966ebefa,4628e1bd01631688a2d1a7f30e5b3992bb2e9ba577851daf2f596f8119aa2465,befc01ce77d18f32e742dd1abfef42689b89a29eb09e0faa489967c42fdb86f1
ff929bf7752c62b9356aae1fe813e43d96d4c54cdcd7c3598d383e180ad608f0,f15d8401e8338f32798cca100cd775837b6645fb35f0563a4d74fdf9cbe8e823,a0986b908dd79504e881712341a4a6390704ac1d51982bfc65b6662377ec98bf,2023-07-15,47761617f6e89e33550f28638d6bc396d97b9ea834da5cef9a83f50d68de9ef5,b4d513431c0e809384e8a30d39f5400579b9e7ebc034ee948b0a15725c4d1f21,4b6d5c90ebee7bb4bd79c2e017362cc8d20eaf677d85d9983f913aecd6e7dc5c
3a5df6b78e4e3738a056b6eacafd661f4822976b22b2241dac6a234d60c203af,1cf13beb3b9bf8f82e1b53f2f0843172dd055958d64965d8a80c3a575f1475b2,465c26f1924ee0cf93994e4022f04e2ba2f5212442e8809b33c8775ca541bfa8,2023-06-07,10714eef5528f9ebbdbfe4bf7b52d8788736f6f2fa0ed54c52c7b2b516937e76,afbd47f02bc32efa4ef0063d121d0011d63e173b9ed1f4a59cb75b2f9cf3d725,4c4f6f57f68da220be154bdd501348e1ab194fadef857b304c055ef56f4dd7e6
0c5b72635dcdd61d266226d08322979fb2c5954f4014fe881d6c752abd83810b,639154c142af1918e5a9b92bf35ff2ac846b50fb98506a1af6f8b0b33d7785b7,72de6d6e94aa5d3baa9563149a9e4ca6ef421d25ccd7faadf82ba6b4a5418bb2,2023-08-01,f4da60890adccee00a54cdbc792eba5de9a91bced5661461eacfbe8b6036071a,4419804a3a68100cb8b0e3977a6f657e64641af01e5bdcc5f6f0285e12e054df,0b7dcb7d507c4a436a936e3e1dbc60166dbf0794ab71b75b9cfe2e03af6a6e1e
501af45bd95356b0aef36059be36698425f9db187a40ac8a5df6ae8387e097e0,bf5c5866c5d2b8723e85e7d1cbbd753f76591fbcd6a6fe09cdf2962ffd135ba2,b517fa72d9fc926427cfca8460b4805f5db2448c162618998e0cb1d5f189e288,2022-11-27,2b110e96fb8ec296aa1bf34dc51b9610c4f039a5db5500460b2e2b857af7da1f,28e1887f45fc856e6daf2bafed3942e8bc7e2ab6c743af56b564e032053e2dc6,e0f5455c12aaa8e1c274d2567818b1c3c21365dbe10db2599ff42be5cac4ff92
7b8b98dfa52eed49ebae5fe197ed03b4ab77ed42b2da00f504a539d3ed81d7b6,1e3adeed671a711e9279b18eba52a4bd7928a7a8e3360a767b18e64eccc4778e,46744dcb035cdb7d66bf8c943be5abc263556f3b4db533dc01073d25bea0d139,2023-07-07,fbe56d5baf9cb8d1e2372825323d64d54a6502a4813d376c3b969f6e1372c47e,24636487e38512575c057af07df382f042921349174210cba9cfe286a8a04dd7,a3a8e0a6e3de8bfddb7cf3f17b6a797b5958f6b5dc88738f33a3d617f2db991f
e8ca69f0daed0ba92e4a041651a6936dc0641801330c940db8ce70b6ec20b04e,fbc27523872c1836154044b21a0520ed0ade167ee8a0e9e8b6833219da36932e,1df8f8fa78ca71877642fde3bc95ecd096ad31846cd11d5d29dab85923b779bb,2023-02-17,719f0489f18eeca15c2256263617f8a57d18f29c02023c440d4ada08108e9951,7492733b19e58e36a5d1ae8d9b0fd01a2c9e04e1175cff915288cb4174edaea8,b0d021a580349a5179405d44868309168e7c42e5631481e950cf7942b4625e69
7076c6371c0606d3a74c15ee2e05edf18d854cd22e5028837d146b0727b441b7,8731570efd592f14f3a6b051db8f414909900a6d2b9085cb9b2dc7a8b3a9521c,5abf8dd3c80b2e0092b9234c4f5aad7472ffad2307676d9034f132b048fe4386,2023-08-09,98c73bcd8a407cb32b82819269b20069d9b618c9588eea6c72c69a2a75bbd1fd,75643ff1b6334fe8b8eef7bf6a0c794d5ba4bdb536cd9866268598e5540e803e,5dcbd9fe02dd59d14c4c8aea1cbf5dfc9f1c5f391cb38b6dc7d9144799c8329a
b94479f3db570d5c9d57924f70b42b3cb836f987dbaa30a4034384d0789ee1ee,3f29e7c5a1d1c6143b61e10292c5e046c87c1eeaadee9f286c4430384e8743bb,3571e526b5b93a697ae1a55574d96eb0d7437da806708d2aaaa379fe39ad4feb,2023-08-18,eb66a5a1260aeb71975713cd9d10c95815f829e4ff3f8bcafe33c3f93f3b838e,8c01e737b4a53a87296743be8e421cefe6a70d8bf977774290b1696d64030dea,7cb2afd4159e5d106c90afc8d379b6e6102994cda2dd2d2bc1fffbf3add81539
6ca0a63793e70318dcc2cf624c770613229e2b62485b3f326ab43864cda50c78,a214ee76e87d954610cf43adf8263f9546529460d83eb8fcb9aedca6d01ec95c,3e2e23b01a068754186709a60fee00c0af4cc8ba02a641c8a6c68cf687332848,2023-01-12,4942b7b06ce0e9e5cee8a33861d314255e31b6dd0cea4142302cb7aec8be6c7f,5ff59b47a81da896091c37262defe8366745b99acaac56edfd3a4519d56110e1,fe9b0f0a4191841c5a4d65b4fb7299787c0fa90c33456541de4f36c43ee5145b
28bd9e1221adc4d1650b15409a63db935ef8392f5c99169039c19b11fa64ef97,00f5b4997978703f232a6ab562d233d98f6e9dc9be9d065deebaec1c08d6f07e,044f251473c5a14fd29fae52f5714991bc005cadd370a5329b751b55aa824cb7,2023-06-25,487484e9f8cc40cd214844543ae97945ad4bf9f8b4c45aff872e350a1be32463,b50cccbbd3f2ddc781461bd4d78d6bb47b1ece7d4710e1e2fe66a8bc6c829694,0309f0f3c1dd5051367a563a00175197524f6c46f11347b78d19ca12f1c6a7e7
4eecd1ad7323b39b7e52480ab2f75926dd4bd259dd8d85b9a6f3766046ec80b1,4f518216430854a381b7e2af75b91fb96540d2b6fff89e1aee65e8caa397c3ed,3945fed893ace8e3ddc239664c446497d54cbc867d093d035d41053ee30ad8cc,2022-11-16,486a9ea6147efc1b8e92e1a0911d8a6d92235de4a834e501d32c21d01ea9f9f7,507c9cefb2af95d6018c6083fa9b37f9d6654e6be7dfbe6ccac6b660154fe889,e37d1d98f31d96680fc8e9e3862893f1a874e2286966c0de79cb7035ea4bddac
dd42c2cb616b9a54a1a0c234aa2fc165e659514ce7fe60fe564bd7714ea4b9c5,e57878b47d80616b80a6a4637c1ad285a621d7e0a181d6ee1a6fdee3f8ccdd40,55e519b1e0607ca215f784256191a1cbeb630db4a0702fe9153d872a9a8a58f5,2023-03-16,55935ea072378e63efc238085faf7730629ed02aac6c249638fe11f3685541b2,a4cd1fe03bb29aedd87bf732278c35bb40d5df392b26ed25bf1b2e9c26cf23f0,89b721c5de7ba1585a9a32ab9d70b01b565c5d189f017e35df209730c2b483aa
2c56198364a58d62fe8ae29422eee8a6e23c6eea1eaebc27a16fdb895a60d3a1,28a03366fc88c8659c7832bcbc0268ecf394ecb144caa2586a63d78f42938c64,3c505f19142e968e4fd51e4756d1a74597d1d00c0c357290d8e985f8b7b31c56,2023-10-22,21808e18bd25d06c56bb78fe98c548d00e9b9031b76ed5660a745e95b43d6a78,3af0a2d384892f3cf62071ba3887f9773cece260be3ed79b0acb5a00d61bdf36,869dff53373317f58635306458943d000f233edb8540818c98746fbff841c1a6
52685c202bdab0126b6f557d8cc3392dc73a86e9a6dac07fd5b897743aac847b,27d92d39bbe4693e8c51b81f06e187f2a735fb9b495b47ec031c7dbfd99ad8d9,4d93a46f4a973921a2bcfc18373f615e27a79576379db636f42d886958232302,2023-06-08,1aec0d7a6d8a790e175bed92c61c2805407a094653e2b47d550594515766f60d,5807bebb13f6e9bf24582dd14c27cf68884ecc5d782ae1c8daa676d7ee88bf8c,520c6b014f6203e0e14ba2efb0cd441b50ff3aae8c9253ddec373ef66e7ec90c
98abc2b3901a2a1c6ec698c674f1317e763c760d73d35b5d90f77d699061b496,67b1993b23b0cf892f68f5d7f81beec63a0f2723e1492addd0b9128b4c309ced,13be81501851b81b91d1ce36b68684b7c8f7f16fc393de3c7485179e1291c899,2023-11-02,5bda9975325e3da37c142643429846d3097b133040ae411e508330238819d3fb,c76c88a81ea554d67267c5c50eb604fc50855f496187006448a76f202b1fc6d0,9b664a43753a5e565159c4cc85de2a0a520f404e71ce869b920e33568dc63c7d
b280c4213d6072fe9e65fb9303b2d25e0e27a9da797d9696ee2fe215983e69b7,1bd9c141c9629ee65a583727937359f729e28c00f75ddadb8d8b0a9c37e1b415,4573a8083658bcdc5081d434c740d49f5936592d833cb5ed91793798de3e6b4e,2023-06-07,dc4c07c247c1db26f32adf310b27ebb321596a13435938233a3f3d0e36f3fa6b,a548e332a02364446dc469f461460469bcadd7f87cc6ecea1095d6b661715a6e,617d844e5abf5c097895316eabb61dccb6a5bd87c3886039fe9394aeda33ac5c
48252e4cd6e2d0efa50cc51eaf918093a86833d79d5a861f4e73ff994a6201a1,0b853ee7866ba2f098679b61050b6a91031fb1af6d44b46baf261366b8907c45,d7e1a7d8aaab6135130c7725687e20d79be9170a5b1e257af332118b3c75b50e,2023-02-18,620ca509c1c931e68725501d292012f1f31b5acbe5aeceaca4f8f7397cae0cc1,8c5cedadf19fe32a14d36e8e73967ec1e9ab72afa0251f64dfa9876a94e3c6f4,2f8f6ae5d6d03f5762a4453bd0b562abd518a189d8b4b7628623d563ac4e95d3
42ebe6a6fd21bddedd7bb6173167934c7d9d524bc83d7469ba82b709e1dd4f79,663290b1331c8393ff585c09ce463d70f872b36f575e6d521225ceb307cbb05d,ef1e63c1dd86ee431bb255ab2a99df7d6b1abb787bef7148a3489341927d37cf,2023-05-03,de87382ae2a5db48edff06f40e10b6aaca6fb2ffa1e7b43c62f5b0e9c9f96e76,93a87bb8bc1ffc7d1a8b6d717751e773405c8f5390b6e13c283691d0485ab82e,11dd72083cb10b860e411efbba4d1d7376e3deea7b767857c9979bf970c24a8f
b76a143c38562b15715755d9307fe965bdba0d1ef985bd471b956b51e0c7ec07,764763d9fd46cbd4576366ab1960f52e1210b549e9016b6a5f286cbd2674cd5d,768ca4504e1937c708ac7df20a1019416f99fd718db5f46a8d93d16ac71c8ec9,2023-10-30,032a2e5a31cae88a67cd48021de2ff2156980199333d0b6b07963e2d268e3232,674d53729c6d33706f8dfffaf0c5195c3ebd7b91e36ccf8d52023d397d67b015,a979700a8494038b726f0220f4e0a17b66ac2bbd6fdc3dff26cd9fa6feae1ca9
87b0f5d703b57e6c8fa04c295900c3494cc4c140757dea0ef245a25347728880,c0a15c3eecbc53067d7f163f6254e8a1196da1a376319c67109c3a8eaa15d10c,a69a59667a9b4d44db679c688d4679eaf4b7a9adc5b9bb6d1217b17e8603a05c,2023-02-07,ab40edc5c10a958dc6ddfe89ec7be324c6a3fbf3cb56409c0438b667af11505f,96052cc25742384b487e14d8de79d85fc91101f2388502a12b11f559976d40ec,c7ee0f4c72a19a036520c82c792df2203e9a61f4e264e8c31a3109ddde790e95
80cab97c025cfdafb36b28e29bce2c12a7d11c5445af4263c0c5b7892c43779b,64fcdec9b48bba61cfbcb015a5eced7e26b57952d971f446628e160129bccb63,ddcbbf8843b0f82861102f7b24b6d46038d0c354183d62414f316f1d24b55d8c,2023-08-10,5ffa08b4469a20f8cfc1a051900f16200e784a992fd330ec5e9a3bc567b2a05f,41508e5186620e6fe6c8ac8fc82e45167fe82867fd2dfc0aced10870c3e49620,bb0836949d5d5aeffd32a4750348936b4865b0c5e04ed4ca8b4eef2b9d0e26be
91ea93f2bd90a19968bbc5d05e22a3322fb0283a0890d8a9fda8c5f05f331a74,7ad76686d24e4a9e86b53db953835fae5ac6538f56d704404402b5303e648c46,7f78e8d416c9dfacb0627b536aaa0d6454cfd15f031781503749630ee7fff602,2023-10-09,757e6b3ee2395dd7f90c36616048154fcac11b471c2cc2c817a268642b2762a6,0b9e47f4db72959a788bfdf2b2f042c2f2fb281de80880cd34709865cb5d775a,10c1c58d415adda1fd94a38987d87654c7c7319adf7de7889bf9b54c76e3ea91
8f481f5b5014cd9ca1bc1589ceadc2abdd9ae24298e95b5fee1d7432f8bb3627,46ef66866553dcbb8637414a75d1b2525a73e3b512b3aabc775a47bfe81c371c,0c2ddbffbd99647c8adfd0034886b234dea5ea17a05f3d12e6a311d4db1f191c,2023-06-09,653437765447d8ddd8d81b41d4ae4f9313efc0a25a283fd93c9f89f422fbe90e,12a030380355e86a82445c6fa63705540c422aca1a9b504bb94760a7193c9a65,820b21ce83dc4cd492d08668a72104e86ea73a6a22ee5a51e4691ced8b1cf529
126de506626a8a072edcae64448b5dbba051438372a6f6df0e1ca244a396ff60,b692a49eb46eba165d111de603f5df9ba46f14b4458f06a3946313ad681f285f,76dcc1a375b44ae4800e089b22b63a145dfa63525b3231be67c6ec2e0f616516,2023-08-03,fc43cf6f3a56e0c006e31c56017c4ce24bb5e18dd169bc089e9a256d66868c62,64e4841dfb9e0057a5a00a8a52a79e64840479cbf3efdada9e956804f71ee3c0,37318079642596143c5e6e1086d18dd6c9304687ef68911806e2efa75cbac011
f29ae98ca1abc527f3005a3c128c5f2522e4b97707cc657a577ae9e9c5652075,c41199f7b1ac29f284629995e2efd1731dfe04f660db6647ae0166ee9b9d7bd5,512b45c5af47a1768332ae327140b5573f045099fd0dfd8079c2a054d410de5f,2023-08-16,862342cbaf1a1a5e666bba161d5a89d506cccd52b5269c20ab3ea0af79ffe1bb,8ef5034d4772f78c51c73c1ac0d74ffe882b025d79c0366f0bccf168add2f6e8,da9513153ed140282ba65731ed77f3f710421a67d7c859a1000afb375c8d1eba
896b1478ccb290c3407a6a4281e095a4aea55fae27f20e771fed7aca5da17ef9,3c1645d23d6c40bcdd0ec35bbd61de655c2766456cba89b90cfb06951a725dcd,2fe9b21dc27d38f60acbfee5f04dab93a7c730062a772a157eb5cda2041caf9c,2023-01-13,67ff2589c449fb086568d082c6e025a2d06d1e04f13e111438c9d5d19fc8d39a,489aed2ffb880bab3bde2a21da5afab751122ad15d5c7caeb4685424a1deaf99,93077a9bc742df3e547ad41b0354e8b9b6c137cbfc3b04530b04f325200dbe4d
c66aee4adf1201b6de3d68f412216e53306d04052c1bf24534115444f4945ac7,d0636a25a0070991b1273c4c4cdd9cf165238dce786859a8827622fef4311552,07028e4386922ffdefdaa37fdf44917d28648f8b9f44d6524e868c053d2d9ebf,2023-03-23,4a4a2ed41054693c8deb4ca83c763e58272b3f00028560d90dd4912aa89a85a0,2a772b538e458a3b16c06bd03a42bc7319b65b718a90781670750980f9355235,f253416e88f910f3765e36b7b7a112a3a40cd615f3bee6a7b159dd6b2757c6af
39148e4c6ca81cfdeeb001f534f412a4b90f276f21a8b93fc1a54fc30260fd4a,8e909fc4db157f3525ec0f246d3f18440127a686d5e76edd1bc41666593ef87c,cb359c61a7dfb3f3b5c3396b74b2499021478b9051aaff5d881934c58a4a2260,2023-02-12,cfe482e28ffdcde2fda50ccb7742129db957c4d672147469d4566ac97ce69f89,a723ea22627188f000b2af9dc408e568b0ccf5a04b4e39294d48e40acd469690,47dda3630195af9a4aa313d9f85d610c529167894e07c7f5f64990acc1fb4f3a
42966c5063e95cf8618c23594eeac0e3804bd516aa208b01d0cbafe5a541433c,86bfc210d6fcf37d64d123996a477b34a0088f448d731ba5312def2aaac647c6,ea944069988ef6950b98d3c691053777e6415610a44c0e33293dee3313a80dea,2022-11-04,de62bb2348845b6ac5ac7824ac7e320a5f87ff72d0b7fe08d654e61ac57e1012,9127b5dc610035171904fe6f9154647253962bd8a775c21545659e3cf39ed4f8,fdb17c1571cacc68d138c0c212b280bd8a9718c6a6f2cb864759a76d7fcf80b6
a2946ba5052343bfb4da3b0dd89161840f36236efef3425b25d0fa15221618ad,a07f2759d72c4d8aa4da771695b2e8bc1c7891380a511285fec7d41df0f03f0e,29e1687c3380c60b26bb57d929f6a556e7f93350c29e92cd912eb21fc73377a5,2023-03-27,61f1b051a8938d65de010301a9540b3ab7bbc5132fbfb076b6442b355b8f05da,464f48b7366aaab98802792b9fa3f8708c22c0acdbdbde439625918d405f0510,8539483fb7e5c43dda96c9532eba36978f60493fd23da23b2a26e023da5bae7e
d2181202035b5e73b72fc92ef25833252bbd6092272fe4640df3afe7e3779759,884acbeb87948daf08a3b7ca2b634e7c8d6749b95aac3cfb7400d89fae33956d,a67a4eb867e5a4c93b96a37987a3dd4b94b6f03b6be7f95517e145a3a3e4db74,2023-01-23,bfced17da0e4f917c3d12188e039576658179c7785b3a85d4f69ce4c561fcd52,1762bab2d62af6b63e1916530eec7729bb65d5bcc3f5321a36cd743cb357786f,a0f529cb0aeef2df740c97426de2942dc5e196054fb946c08aa4725ee0a6c0ad
1653e12275b3994d07aa56b0acadd1766bd5fd46d41fa337a99f1c27b2685fe4,0c2db65648a129a5aee5a68311d9dd126055a4b4601eba236e5948cd012ff7cb,70cd32269b606e4d4212e64739e71b9fbb4912a93978ce3b7a43932615824641,2023-02-02,367f0364123cb6c5e06c7e1560b61e540843e41de389be2b389416e0848bf899,7beb3b95b6fae8437db1701d53e9c014c8e137fbb61e32165ac5a50817c18cc6,dfad1b655838b1b29f0b84fd871d42f512e759e4dbeed31caf966a363a6ac63f
6bbfb8aa3dcc4f9db195cf28cdafbfbb67bc6cabed22b4e6fdb88f00211ba6ed,629d58896f570b5bd370463e3d271410d7afde39fdc19f58b49d64b3cf392a89,d6dc7e8b748ce81d999ea20fdc2c5c6b1825f5f16f09b3940465b29be6b07ac5,2023-10-06,9e551a7103ee7d1b0784d07edde777645f19131f8339bbfca30da320f2a2f73c,7507b7669219c2a048a3cf6946f8946d53e1a30ff2fde6c631c72ba51490b97d,a0ff1ef5a69a98f5c3c7121e17a575503e6b013b3811c316e7b1911c9bdabe33
0df624304f5431853c038a9024d718348012a037d7c8731f8750b3996828ddc5,cfc495b881b0ce648631a09cfc941820f80d9c8ab13f365179e42196d18e1251,9f7573e1922d113516ef28ad05964a7aa975bde48bf50e1e4ced7c0fa77ea1c3,2023-03-15,a1dbd9ab58b5f7f1c9b27f8a3146fbc1662ecfeaccef5019a212606073f8f930,92f40c41db661b20e2efebaeb62631de548bd52e2bf3bfdbf969ca7483332cb9,587164f8b550390a71f762bf1bd30a982e1462437af2744887515af9dde72492
205be3e9b801c71aa61392027d445a13c70ad45dcf3be22cd505f77f13d9b299,03b8dcef4bd31369843f15792dce19bc57fa2639cf1b8384f3bc2dee9eda78ca,afc6d86223b468571db84b26540504c4553220795a0660067502c0ac71c3176d,2023-07-25,b8432112cd4c176d16458d3915bfc4b30ed7a7ee085c87227226c2a455cbd454,25115044ccbe54a7f5126d4c2edea1e43d3b5e151cc50e07f574c21e5b9c419d,4eea4b83f17cb88080b938f4a5c6d5341ebddad75f2ffd3ef4fc8de9a541a9d7
8db6f9e9fb18bb73b1f6372b151a97374b1239af649627dcedccc9529ce6d107,bd9662be5f83a59e00080984501fb73cdd15d5c96dfd2706a984c8426dbf5f9e,86279d4b5b40ff1f8dd43dafe30cac6aa775422d1331be2a053b5fd6e2fdb55f,2023-04-09,3629ce3d4b88863a4bd0ee72d0c58721222f01d42272240b983e346f9bb4301f,0b40cfe3036d39639f9cd32a8dd9605349a850d85b2629789ce72a8d467e7a2f,49ed44505d0695251fbb5b358073479f8df30ed67da635e7a65b82a69c7910cb
29bb37a4e2496fbb569246dfc2e602b961b507f5a4be6411643e9f22ee9f420c,c734af1220791e13b8c1f232e03cf8d230fed29317deb2cf2852023117991d12,9b6d5cab935459ea7b33172371a8e005cc5f4c93e2a5c5a0357368d45b320e51,2023-10-02,a88c965ed6c5afd01f0757b9481dea3c36d3254f0e6c86eb34dbd67fb950b70b,3fadf3fdbafaf3bba6f9c7a6f5663cebf863bef858a5701df9dbe5f8dbad1bc2,1eb3e9abd3092b0269084e26b8a1521d9d7365891557923e17ae5cb802ec15c4
d43ad6f7f0e374c013da5b81457d2b46793c818128866e3762e5e3336880a428,36ee076b6ef2e54dd6b3444e77bd5b45519725d1646e5e4393a9afbe2b6ac99f,35ce01f8dc4831dbdba4f916cae89a3e7fa74f7b778a42b528995fc937d325f0,2023-10-05,f96e138116a1fd6ede5c8dfee663622f57f4465143d71c8d37c2ad47ca5c6770,92cfb42acafdc680241baa47548c151a66c41fcacc8075af968688c4780729d9,37841221ffb9644a18055afa6bbbb176cfd7f2221b521e6e652871f978bcf103
bfe30b0d44f8d3f16178e3cad21cd8776cd0c0a822c828a0fdc666d1f8a78fcc,372a4afb5578ebc25547736c751dd5dc85c34f9909666f3595023aba3ece276e,597c93f4a18443fb02804465535520f14e72392dc2fb2e6f8110f18cebfff114,2023-04-08,759784f356efe43e1829fa6a037f3f0e5f9d8e433eccaafb9c1b989b191703d4,6a848ca28e916d5677f366308e3312f3e670bd8065f284a43ca66c31fab05453,15caee174eb3414d397b5a72a58f07a166a9948fb86b9835aec2f5a53d64705c
540a6521d2643264dfa22f1be9c9020409d9e71f612a3182be6dd3745e38ad70,969ac0f7f107ad8462c68c9eb3079503218543a69349b6d0b82658bd5d997508,b9e32732b6dd91803dd6b1c951d1ebf1ee5b38bdac6924624924830f0381cb8b,2022-11-13,5d2a7ead851fb2df1e96e79f59c14b81cb7386e2713c42bee82b2ebb7ff85b78,610ebc39797e923fa3593434cb5766c252d4160d0c010ecd81a3395685c82f36,3011271ee6a9cad7bcae348833a648d153efcc55dd4fcbb54893d8274474b768
c169af62a74cdb974264d566f260e434031c703a4380a48d8e244eacb71a8171,ac25e369b5f2d4e3290f9e8b9da13f63f14ffb71a50f515aeb0b9e2df7d87118,18eb0f177bc00e551ef866489be964f1454306adb3755e1931b5a1cb49d7898e,2023-08-30,0e1d0d9252b52dee896bcffc8b739dcf74b8893ba22d771b7da7bbb12e8e0c98,66c1cd18152119927e41fb4fa8768cf2947067e49589dcb8643509176aee8beb,b4aa0845b6d25d87b96aace0df94a8c44b00f073c7560be884d931caf70cfc6c
30dd3b11cad61dadb6d38867b57f0183ada9bd3fc823f5b21b2b5d8347f97c82,718bcba2928add5a3f6f87709fc011593dc77871c551de52823d8bca01eee1bd,31b29b47122c3f5b222443bbe026ad99cd03768074d9415f7de98833f41a8014,2023-07-13,4c7cd68172f9ca4e665ea003130902fb235f2e956cdc213bba3c163a53110436,ea43d39e2b9a66562f6f2b1ced5fc02890ebffd74d93ff2f0bb29be4c6a30ab1,329edaccfa67b082669c3c055322cb96bf16cac79dbf9efb87a0631231a3f1b6
18493d4a6c3364ec9216d883ceffebc8f382d9861720877ab4fcbfe85a554b64,fcf534c33fb2d2729b410710b3232b691527be29c51ff5d5c98d537324abca28,992bc57e683c29e9946aed1d4da4ab996e9839f0622e3bd8be3dde300e979ec7,2023-04-09,1024432bdfeddf624ed551467bfae87f5dd246ff280853829076110ad21a6906,c22b5c0504018010fa920ec1dfdd2157ed8ece3c004ad6e6abacecbaa655f384,9e188a94bad7e8cf45bf4446a4d6accc98d99a6af4bf8c79c76d9a1340d28b81
996ae50cbcfe3ea8b2f2164fd0f425b983a14fa09c42ba6e19fb5c1e6dd3990e,c9bf357d4dc0a75624788ae538556f7e394406119e83edbff02266b8230c0a24,eaef05b0276854b48c8b16cb18962a785314cde20014db162246a99797769aea,2023-01-05,766006803f36d6d92b00ffd4d2c2f287fabb7721c0aedc494224ac1d7cb7fe8f,e74ed461db9b2dd68b7afbcac94c01068182d25a0133d8c22b3161c205bd31c6,01f4a9068a248f3a1fb26bd3053143b090da9da9de6ab9e3e9923455b6124595
74b925c53c78a4a70f71128c44757a48790117824f3b71a3a0f35236e86e4f91,41160796e81de64ec0e278d1370de5fef4edbdae914dc15be5bf47f9a55cd539,b7edcc68659d184e902421108cdfb79f610faedf9d48632b579e4f4058d13b8d,2023-09-15,a2b5897e6fba79ed56403962f0781beb82da43f2c1872ddfc3fbee8c01395069,6300e81db284b64822104ac1e6b42a1964622c42b0d41407761920ef6e92dde7,87892c376d304923c9b7d30274748b7d456dc7981c883c6fe8b9438e257f557b
31ff8ee5e88a92639dbe5fa5c1fbd4b9e7368fd788655fe8ae800817b9b1f80a,efd3c7c5d7a09ed0587904b4f4220ec3645b66f94d63b02fe1ee5fac46432d25,8cd056d42974f09afecc9ce378a8d60d5365dd3fc0cd87b7719850414cd8de67,2023-10-25,86f5888795865eb0b465be6ef78b5e7a4bd4cc645324c034690518b1703517b8,195164fe0eedb9d93a8d3694a716a9f5ee750b37a81dcb21b7d60bae34f5bf13,c1c581ffa402531324c49e9f0875263b7fe063d3e15f87c35fa1ba121799d455
8983869d09876c79381404a8867ea76f2fde51549eca19fef80d0bfb1f6acbd9,88164238a2248e2e7e4be7a79aae3ec94450651b61eea89750a4eaceca767720,df0411eb71253d2b0fcbe6cef1c4050250058e2d75d1b7150fb962da28d6c2f4,2023-05-09,40abf51bfd66f5c2515fb486be36ac38277f4f63d6b5c0b520a67a44e952c727,c8ecc862f74f2cc5d8a0e578e72d14363e297963d4bc38a74ff7b42f1ce1bfb5,1da80490525ced7bd244c599be839cb445fee0c4be54219c6ca8a92c20af2767
a83f79b18aca833fd8fd6b3903a68e7aaf44715b214aff558e92e436c80be4b6,fae0a4abad672c46dd12911995bceeacf2a994e54897127a4e3c6ac8f4f4dbb3,1bed24abe024cf18c3f27b1c9182e57bd675c6d811e5b85d4a0963ce36bc9da9,2023-04-24,5508c1a6c2bb9f31ef04b2a4e14024c8d46871bbcb08d639343487dfd47e78d1,44a9179ecd34eaff2f63473b59e0371df51e0aa053a977da5c6ce1820cbba2bc,0f8e9c797dbc55e5b2de9efd09c56bde4257115e75545281635e27d416cc83b9
de5281c22fbac18f14db61a3f16d39cc6e3fcce234e742f6305464e806765d7b,b4729dd90858e894d81baf0ea30cec733bc6744c86f84f046f41f5437e5e6a57,d4427068e5fc6f150e4d24dc6607873c62121fd87b20fb86324d24f6ef67c345,2023-11-29,fdba59fca5decc8c42aff39750f60f263107e3e65216a61189221dc80476e9b7,e097d34ede0eab03896a56a332c49b0dce6336e47f09223cb184e51552c5462a,fdc03b97b1ba6af68ea37369d5a6e6475d367d7283bead7098f42b6cbb8666a9
1f972de1238102ab9d38e9b46625f44d630ca7555cd14ac808df4c642c6ae70f,1beb7082e7e2f912282315d91bdbbe48f0e7f98f592c33c93dc3ac3d525229a6,b651484d0cff94c1932cb7a4e7407fb584a441fb852ce0582ba885c1a25c3d29,2023-11-20,a1a2135f8a1f814a326061f20a595cb9e2326874018265fe069b34b540f32246,579574e4b585c9efd2eabca767b4e8e82d531e63a37787c83867cc58d1e96645,57555c160d2bf553c6595f1e1cd4e326b76cf23c7ac2c267616dfe57b5f20386
20e67466224118c251b3799473cca32b654ff9952dc91112e37672c0d2da773a,508469a32b6dedfc94ac15c73a67649cd48eb233dba01d307008e838eb7d3ac0,849e342400133bd7cb6afcd2259e0cb94943bdacd498c9976951c995a005c29a,2023-08-04,4be3b5594610b76c5a0d9f6b0ec80b22a291cc63b3d795f66ce4d5e2b6d72f12,e559d4f0da19271c594563a9206b887f6d113eef3471c360432a90c7c37c67d2,70ba6843e0cc2afe1b685d47ccaa0afe44805d73840acc6e81e46c24c86565b3
7f6fbf073f4235f3ac6adc9e230b436a82d30abca63e0136196a71566234580c,30cf6d5ecc809a1ab20ab53a8bc71ad74c55cb256f39ab5e4b15cfd7ee8c7420,418765775ddd630159ca5acffc703ef5fcd8986099d5848ebd9a84d80e6fb422,2023-07-25,7b41c4086bf496a341481c1b24defd297fceb0e978736773226d85148c46a12e,37fc64354beefcd636998c430c4b1fcb2e34aab7d0a9f9cf8b3b60a7cd6fb6a0,39b8ca8798ce3d2e392aa8d6bfe7d09f03a98321b010de5cb6248f434d86fc66
3ee920792965043c6dbf7ff6094ae26b4d8eee55c28627eb151eba030a63b176,b4b3d8a064a5146600c7c5574699ca6011e6eeeab3797a03b2bc6026e49924f1,9fb07da984789487383473e460287d78452c9c9f3e3c94b24d80d6926b0d0c23,2023-06-14,a6254df17b8ddd19e940253a8291c4dac1cd568a32aed0ac68d282573e013b66,ff7af296684d2256d4ebf73afd53717e3cd98422470fb12e32f3d84ee719335f,5f9df0ae43af09c7594ceaf07cdae0fcc4c68773fcf0e5368bfb7b70600a278e
653edb44f6ff6f65afe7226553fc2a437af2d1184178ddfc4ec1fea829f485b3,bb99bdd8935da96151c4cc0ef54ca2f2651cb5d4577d7b7c6dac7eabe69e9062,5af135727fca58fdfe687cc5de71755ac7dd8b3caaa353389b91379cb6447b2a,2023-01-31,fb3caa2e3da93e2260bdb777d152d89b00d40b32ce953391b71255b500099074,f409c58f88aef79933d8b466e23c961fb2b01428f95fbf068d6c2d86d059c36e,5e47477d02cade3cca1c9b9614e99f04a1a638858fd262d491cde6217d304508
8c9dab29dc4ff3fba90aa2207ad3d826c77fa4b822e49e7e9d21a16060f95b67,9519c1c3c11b78b5255f194930abb1dfd0ad0ed4a6825604585804efb2f30a70,9063cba420204870c920b46b0e2df3bf76c0da143d3e1f66fd790d7804d15330,2023-01-18,b133117ec0b60d891251406639b328dd346ebe284a3672c9669ddf1585f386c4,a260481f2fe9252937b0f70608a8bf190a914d1ced8a1ed757964ba4324aee29,e11c93b80b48ecc2c621edf23ea2f2a0e5f29ddddd1579c29829cec189bf0830
2b40bd7fc033fea730bf25e4093450704a7adce02c10a8d41e362c0c62731c58,5c888912652cef5436b0e6dd1009d1892df46de859048ec5f350f44cee826f87,e07b465a379db6ab9a5911a92cf1cc72174fb331452891d7845681fe74d423ca,2023-02-28,110b88f771c66c49035fac0f9ec3a869f8aed46e780494ac00796aa37adb0988,ef41dc8bf253c56d93904d78f008b2d5ac416ccfaa73d76d3f90f01a967e29be,3ba472c2f0d9a6280cf1c55753469faa3473459ffee0fe21a04b9453998ae9da
eb264683f50dc01ac0d348587e43884d6d418ea9e55e7a24f0808d73dda8cfa3,fc28c254be5cc541ce8a027afb6f31a29c120a6c422166304fd09a5c76bbc418,bcb190430857c363a4ae4a619059e4842f00c3602f1d7eb26f4d8aa39aed96e8,2023-09-30,adb78b7d8c3233c0f18efa9607b7c485f42e2ef6161bed99f2b23f4cabd03747,b9babdcf68184161d1754334b18e544d42ee5774109ed56ffee7025690261a62,0b5e55a4c864cea881ad2456f83dd4d4b5917e1c35709e315a69dd285cc4b669
e41439f3900c3e9fe0226f007e11ab8e8ae976f6c8c83cfc26b49729eca3cf0c,23bfa46b6adcf340ace78274e32134cbcc4b234b5ee5879c7770d9c1b1e0d3aa,b45f77a2bffc4446b7d1b035d94f85dc475f90137119cca7adf5cd19e84060ef,2023-01-30,e607a25d46683bd8371da1ac20c5f6ff443baf53be33c689f0c4b4236d23aebb,c77dc44e066041e711a71746af5fdee5660cd090df23a9487de99e09c61dde58,d6b808739c99038222a2b79f01cbcadc985edc97d67fa2a2b369fc4fb38cf883
9ab59d39c0a7215771e4f1bcdb55fa367614b2d77849ef427e5bd0a576945723,d71b1a13b5d8b43b4985fd48d379777eeac4d3f303e3b1ce74f88004f90e6fb1,807fee460cae3c1201a8c10f635c8785ce3f15df8aee5506d5d4ff1929bce1e2,2023-01-10,1ef071256a50cef44c15e345fe6944c132db2b31c77a1bcd2338265bdffc0e73,f01d28e40ea2ea6ec2beb24106cec262977cc42366d7fd8a3baa20b3f80e1611,5a34cfe69d06bde44d2ec3c7207c30fbef126110641b89a63ef6657754906c89
1025327e6f2310f778c42e9bf534da4f570ec7aff7a13e04faf58bd371decc63,64ca3651942eecfbf2559c6a35ece2364ea6a0bdb3d9cb4d5bc9e2a300c9060d,680f0ea1e9dbb0b4bd78b8cf7a7d8bd32e45992610caf0bf36862baf4da3254f,2023-03-20,6b854d677177c8f4b92f104c0b389c1b3bf4daf4327e1a685163d3d71a7e70b9,a990b4d42e3149d26731007a33df2c6a530c0cf63a49c007c9adee8c477a763a,160a2d9f54bf3e70a1ccbafe041d62a27a64e2a2c71a5fff623062546e3451c4
35add9dc89bbd71124d2942e0ec3d6ef208548e4f9d408994d27e3d8bb3b5af6,093704cb1c6322620e6c7db56513277d8a58e5ba3eaa9b200cbd883d147665bd,8c1a52e31c3c69e06ed16d3ad2ec8e5367048bc463e81f95b129e995bd8c5d35,2023-12-01,0a268f426822d51bd21cb1eab1a75b6adea2123773856680f650e85649d41c9a,27d92d5263e06a33f6faf8a0c5f799e80bcaa2438bf1f650dc6217516b1ae4f8,bb18f20ee9083010f4b397d578d40ead4817dfaea2a39bf6da6bc9e5bd890dde
6631d71e23fc42aaf5031e2c94cc924ca6c509afcbfee832e9a8b9b9fbefebd0,3508fa9b892689ee153a6a62ecb9f1a6576366db8f08ac1fba6b947118b8e395,2512750f018330c870a9b9f2e0149625d639cbcf666f8bc3261178e0ba2f997e,2023-02-04,e2877338011263bbc21362abf85c154e2ccc3401fd8cb95389331d5dc3edea7b,c72067e407a54133eabc2f5e98a3bc087424c8c705017772e91c5f55d79ceb1d,295da48e93947698a3f1650b9dacd95f30a26bf24a9c6c0c04737117a2d6aaf0
1a1e66691085019e7b23391f64d127a511cb722645cbac2a4c23be1d1cde0f45,1ec9d271deb87e5b9c022d8150ab7291b3faf3c8b397eb29d589c8a3c2c04c07,cf7e3f640d9b5cf7276dd016d1a9463a3b8639b42cd4e0d07a8cf65ec3ca64e0,2023-03-16,092a8c8e26625340553959d4aba3dff346501a327fe509336ccdfb77ef5ceca4,e4cf24f28d3e5bd91daed8436e86b58cef78e47c5712bacdb2cc7d57eb9779ca,6f61f2e61e94ebd00657cd483508bc8b1f6a7595b8957fb642dd7b5bef1ac307
c78d94b5e8a4e8eaee8821b3969f90b46dde53eecead59ea601fecf47941e090,acd71c5d0f6dc8f41246b5756d462976210a74e9f004eaeacd973731d8f4b71a,ddcf4af9c11db7e3c6bdb79094692a973a7bd6f386bc9cd773a59da3279a2e73,2023-06-17,5e24f16e96e4decafa5dac01e099f3f2007174947a851a96a2136a1187871a26,311e25f73e190e068f4aebea5cb91848f8c3993e8369eb2e93db1b5d455ebf04,6b0547e130a575fe33d3a3a5afa7372b29982a620fc2210ee30753fa2412f607
d03844eb2766a1e31ec1fa2c715e07f23bbc09f7d1256fd03f7ff1605907c02c,e7b33f185802c393b50bd2bb35dfa077b652d70db06635d2f7bf71325fc562ed,943c721e0c3d7247493e651f0b0162a1eeb0b8b2d32e9783c7ad03d2163caa31,2023-07-10,80647710363f4e00d30a9049eb117d39ca8b2313115ceb2cf52c1331daaf7414,3dcdc563016c6a07feeefcb5eb616acf69dad5b4a74b07dd38246881e9b94549,602170975a3aec5a461033f96539b4970a9b620a97750c6feed022d5d5ea5445
0b10124fdf532f7f2a861a87a001cb526c797e7cff8470f6334da16ced13f7f8,ce24d255836a130eedb65c501e984534d04643dd2672234807466dd9ed1fec37,12fe6c244e5085259297bc7d60c47e183e383c05445f3ce8777dba41b5126166,2023-01-10,664636c59c08fa0b70b8f10880db22e059f231da76a14f83bb3b7da3bada707f,84748cffd6ff9d2804236c0e6b074a154b9b8156fd579a3664197e0cbd92eb6e,f00338f4be7f291c951590dac426c2970e55b824d057c226a4912408b257f9f9
c379b812d007878836fa9c359213c9825cc5c56e26f5dae63a8d23481df9c71b,d216c06f3d729541cefe1265aa6873fc42f3efd08dcf9f5119e1af31210cbec2,c38f8f46255cc14ae4c31b30d380de4103d8006576d550efbc15fe645820e1a8,2023-07-05,f42bdc2db8fdbc589f43bc6efe758d8cac0202de6f2204b78a25679724ddb973,6976c282237ed2ccdbb7164fb8f06a452333bc148593e5aba2379f3e541a0a82,a99f1f49b62ce97c21976cb36423ae64378e36bccd008e999c83133c3ee67fdc
23616d81864a0560c749087982f33162755790b899237a63f01d52200cdca4ce,1d59019e8e7fea40df7406746d7823bf47b7f440bc334af89025a7e0c81535b4,2dd9843e34f906471c5b7e7344fac20d5787e32a637f5ae3141f75eaed3424bb,2023-07-09,681c7aa5eefef45783a7e80c7ed9ed9a4de59bba67e948534965b88b9d9dd1a6,9b56b56141ffee1f41ead3f46f435e93a748f0892027026ecd0f5467b60250f5,21ac0b43dcb0c3fd2bf9d624576c52506e6dad2802cd37444a6961a0aee50790
20a1e49559a6239acf4820e19a2c793d7146373f814e532c13c3a763b9b72c55,794aa78ba11fbe66b019e7516ccbfdbb1d9b4b910316a743b8845818c2aa9fad,715f10e457f895f8f7f8277355c51bb6c2d2603e97548e0aceda106b9d3a3a02,2023-06-24,1703753869833afb27cd4809f57a79b18a9a579beb5b52dadc1cb4599c2dee36,3f1368517c142b32715d7fdb2f8bd94382609184e180105529c37aef5921a628,a9c3e7fa0df4e3ba4c04b5c961865ad46adbd07b6354f2629923f34d5e555521
c23e7a4b35d77bfd0290c2e2cb79ff3d95766739b2d464927270ff119654f6d7,0e6e36cdb572b2430ea2e9298b1986e56e32c786c6f6d7af0bbd2af9c65ff41c,886deb7367d6a36bc5d29e39ff6d1f84f92196ef0f5f3b3a1a9aaceac0c17fd2,2022-12-12,48addc28e16b5051c41dc82bbd93c238d6c43f267272c004cbcc28146f2c8120,003e9ee80cc5112abc6634257b3927af62aba3b2c8ad12ef35668598ff12e787,11a0b8d6ba209c8270965c4e397fa749274a6d4bd4de6f82040ed4cb4442dda9
847307d623e95ed412e50f7e212db1c3e69a3fd8b6289de4fb3e65522e739a7a,caccfec4a3caf8713c540d23a7dfd9bb958fd94e0908788a6f564a3bd89cc0a5,e5f139e273730dd269d4a5e8c89c8e498186a34b25620fb5b307317da750f4a1,2022-12-08,5f3617b6474ad202434655ea0bb487b3c0735d0f1dec5f7cfae6ea869a066620,625bb111e5096d3efd7f778d046a98c4b900a19816de050014d6f39296d31f53,b5112f8f73ec46e75ae3580b58c93f933ef87dc8a34081822be35d3df785deef
883f5b5711a8dbc45a4171a98c09aef04eb4b9a05740d70c37400081737bff23,1f916f1c4bbe9425190a0dd71e79f199e02bae970d83e96190fc2b83424e7a0f,ca4cfcd4337f1eaa6668c53a1116a5dd756b0a47633a95536a7645e11a86d8e9,2022-11-30,b89a32d92c6f59ea384059c81b3a1656e4575d0d6e934ebfcf6e2225e1507a54,1ae5ec30d8061109e27d9ed922498b7ea721c7550562bb14eb99053a80a89060,01378ae7ee740fa1f0e82ca82f524fda09c13b899c32435ef5b3afa5dacdd031
c7536291794d461f4bcdb3688e4347833306b9fc684ad2e2bec470aaaa076d1e,4ccc332b98328a393a20d24e5c837aa4ba711e55a59a2e2d5f9e5e50b9ff30d7,c63ef8c6cd81398b740803d37e8915bc82ec7b3856bfc2a875fcb3c02c066829,2023-08-12,3d06abd1868d0ba583576af23a61e63add44f27781b9a697c0a4ca87601997d2,6e1e5953132ecfebff02820195c5e3304127f420b1e9ffc9dd76a302f08898a6,3dc8e7171cc2523bca0ac4fd2b973cfaeb193ed60012a2bafae0c1d9e44af7b5
cd75271dabfeffe4debee2e6a182b608f201db641f9feeedce02d28298d93d5a,85d9b5dbc19987546f6ea8afc57b5983ed51d7f4265d88f5e4affd950916ea01,85f6b5bde332459bd17ce350af326f71c93ec013c6eb5159eb523ba076f91228,2023-10-29,bcdafb6b1a12cd69c5001aa81782491ae59f458ea149b476f564a07c2b7107d6,20213fc2b5e4d8b4451321efd0c140e14558f22310f7a59c7ce7346bf65ef3c1,89be40c8c736acf68b6a1d29cd93bdf8d29d94893dff9445c67439cbe49f07c3
5835a7b1e13e17a8e77ccf698af7cda706782da8f123cea7fbdec1c0361286f1,104f6694151ef9bb76787d3bea0e5eedf9a71de27fdbe6a18707e30fc8807c92,d85fc3403b83fab5124f7eba6ef3730724b2e9929e92fb805c9932d18486634e,2022-12-04,84cd5cb14331897b7bebdce4a7428ebd8822c0f5697d39ae8a98c422f783e600,d135c7784f476cddef2a9f6203a6f48334594fa601588591bb4bfc0be32bdf61,df0f1174bd8d75d0cf1552351480fa68123fcca28982cec03344acf6da7d10d5
857acb344ff3d519eee740e1192966283d5878875a25abedb0b5ed992c41f6b0,25c597dcb8efad6afd1e62a6668f5d9e1e55dc91166cbfcd9568d5c7788a43e9,59945f104966af40a961c90dc780cd94487c26e1bccc804cc10957d6e0dc4f98,2023-03-03,fb4583978909fe6374522eb2065710dfa3eccc1f54730153389a9251ade38a9a,98c3bd0ec4125fede83bb57cfe1e018a4a19fea3d639f466dcc71d6d465ca483,f1fe5220f485da957a0295c96fffaf23997625c5a392708c4b8fb103dff7040e
00b5fba4aba6d3228d26db6a2082156315513d0ac2c72202ff423a49770c3dba,92788240a0bf649a73899ca81acf3a41d9b18210f76725684b6f3e887d1d1a9b,98cc246b2def3eb5d688b411f16c4adb39a616d0e5c91ff9a60fe2de40122e24,2023-05-22,84ec40814fdcf93ed1bfb5cf0802dff0573d47ed39dd7531dbe8a101bdea3b74,072a42edc9b8ac40cb9f22d182a5880c95ff3398bc89501318662663bd6a6095,005730e4bbc130259997824fb2ce8433bb9a1823abf65c36b138cdd2de89b456
9ccb86742184fb07782790d339b30d626ec850929a6edc5d2634a60e0bd493ba,df95fa170c3028f7bad23ec241168a1124cd645b570fb9a6c2ba21963ff13be7,7290112943bdeabeea4d39381befa11e66a21886791962ccbfc8ed778d8ba720,2023-02-02,6c6c1f10144840ad3e9f6cad00379ae6abfc98f29aa61e84f646394c03dc05e6,a2e2b362813a0f1b77646266b635afb537b1b50a3a7c892b0dae88bda308f9c9,a592cca1ff15e950c17fbcd95d1037f5e1ba115bffd2df167321f2f860f5741e
51842a987e535357a9e2abab3abdc290d152f21c9a7c90ec288534c245d31d37,a44b21ecf6f61de33def7f8e0c6ad37c1578779bedf3bc209b04fcbcd7d8630d,6ce65bd5d4d1ae80d98e3c2ac7974c6fd5ad89cad8f5d4bed1d0fb77068c6190,2023-11-20,295818dc7412b7708bbd3c87a1a504ff99f6b750e85ae4a40c83fc49fb7b856e,0d481f02473be632768d51310ef479269f89645c1b7276e90e772de9dc6439d4,3e340df0ca3a9e57d48349a86f445c31aa2e1165175738396db5579f40c4e073
1eb737ae0e5e6be4c34433768d654c61cdce97d7a0f05bb6eaf2a85ea023be13,7a28937f68da0b5e5334ad1ef7291266d8554b6d48768d2b20c088d77cd5629e,2ed2f06a01e953dffa908bf5e667b8ecaa10a2ec945a213b80eff26be0cd1e3f,2023-05-10,2ffded425efb500c1ccdfae4518a1307379cb2bc368075bf82064db96613c16d,cdc6290b48b8fed632e12b22de2be05674bee9766e47f67f8b96b123496a53c6,b4748e1b7d82b31ac81dabadf3520a03945e24a2a50ed3edbf3d428e89c61a6c
16b77227bf8ed766fb22e9d18949ec565011d1c13548a9db74c1ae7dbf61b3e1,2f38febdce3dd21f23318a531a1c76400f6b06671552b6eb57bfdef3a38b196b,dbf52afebe42566080d37cfb1173b16a638227de26e8902bab3084f71409f4d9,2023-11-03,784681f209cb50382eb22d2f34023b456853c33b03bbb0dfb40fa64281ff3660,c69bfbbbf9f667a5847a1e3e2dab91f2dc3d7583172b1e8243ab284e9d409e5d,dc24195972c855b2569b212b512737fcf29b67513d503f5bc457003af5636dbe
50901cf249f80f1345efca536f9682cce7d4c737bc1264807820b0e7db929ce5,47a67b3461128ac81a79e43d687825774bf337de0abf4d0d8da6b6248bc10e1c,4024b93577000e76f2348d64f95db0d984cbd5a09edf777cc2908fe485b042d6,2023-07-21,cbae0320e5c10cd4d9c55efa6e64abe968a8f316d61c010b6d9c3d34a6213c6d,3a6ff7c84997ff8653d243cb6df7ed05cd5daef5ef8737471c828f9d8af9c61b,0aea9d7eeef8b4db3250c2924583c4c09027a9d922a50f4aecb6fac6cc27ef7a
0bf057fbcc75a4a8e5e08bb57b74eece0ed8176325563f8a2c6d2a8f0fa495a8,f76d1a3c2809d9e77fbe09b1a0155953c8198bb5a5b92476b88fce75c4c222e2,3be466a02f858ea8212a89139c39abf411bb80b69b7505205f13de41db3cf5b4,2022-11-28,de69c9ae7b2d27559cc2b3edb1d53f35b988c81213ad9dc3f4df8a77115050fe,c21491da30d490c22ab74d44274805bcbf42c85296a0786a8e4e49ef693451db,63022366880a072fcd4c0b869cb4f5e088755a10827a4cda45a167a958ca40d3
d2b21d7d825f5c740b984aeff57eec3d65f48cde50e9f4099e399032b0fcb469,b246df9723046963b7d564407d46c4af7dfd96959eeb27e15a5e42587315a624,c1c939836aa65c605abd6f7669ad1b51f5ff6753bb6753cb4f79c0258d243bd5,2023-06-22,ba4e2e09a9fe721d418a719ac4100235b5296e67bbf1cd83a9cfeedbafeb0494,b14735fde5a364a6900563b4bd55dea45982806aa81519c3a6ccd837e8963f8e,505ed53094d079e95ecce073113404078e4e8cee834d390f9567c48a870bf5b4
11ce58387decd1ac777a59b0c24d14a22de00d6d446b1354c60b8b0684934a90,99bddb37398790e2097e265922cf1fec74a695779cb113affd97c8349c88f4ba,50a1ce0afe461691d3b39f4dd86d8fc00c266188f1023321bcef48a7997b8b0f,2023-02-14,d05bb6f8041d2474feb3f1e12ed9fc8311d9e394aa5439bccfa580d1c5509cfa,7e8eed6b7ddac48537334e11ce92f991f89bb8e0587250b68b38f840182c2ce9,ff10643a1a125576cfee378cb8a0dae25155797b8e8334097683b8c0de40afea
2d29671748cb22e4eef4cfc46f0f1aa037b7d9e7065906b2b6380977ad92a0fb,7f4c3190f2fda1bb76aaafb64b7d1370b3498134b4179cf5c387507f5e4c8bb8,e57d1f7d37e7fa1636a5706d2af6ee9408d51e971ebc960659e8e0fd91cb1f44,2023-09-07,d893c37e3daa5b7995db6d5ed31cba16c51515c1f647db07c3229668af987319,b995aa2167b2fd8a21fb090caa149cac52836968317a29849588658d4125811a,25127a8f2117104dfc66e53b45e5696dcf93d820c9cb7b4d1fefa2965d2b79ec
aac46cff9e5bed3647d0acd4dd1e8d75f8718a2ac0610ee59016ff4fedf79a20,8eb9cfbc88481d31fbd8d4be4b984e2f4baa153f5c2cd975450e86a10acdd52a,e8140db9f4c4fa68913223ee8e86d03d664d00d63296fc65e83c9da8e3281c74,2023-03-19,359b37c59d5c08e5e172f8559ac72386b3f2ec89d3ec862c5332ba7f64de9bbd,c90f9e162b3d6a9e3dd20a24b0cf75adfb7af798987560ab6d2a8cbc2092f888,326eb19fb34abd899e16840b15d446d75a1195c6a1b0069dbc5ec961b9ae9608
73890d0561f61b7500ec0a2a33e061599df8a4e87a705350d0c9666fb6509cef,806f45c388ffd816d1e72d5922decefee48d341011b786d62bc68a8d497f1cea,c11234223dc64a951d1b0fd49654e236cc443b0642dc62a2803da5d011778a5d,2023-02-15,4b2977ec48ea96783758bdb07928bb63c459dcd910b0098cb9eb5686a32f3dae,f85b83db27f009aa122104958148d8b663cecb02cbe095918bfb35ea722e3e2e,0c57ce944032c078f2be794c65abda5f3f9724c020a11c7d847605327385ccab
37ae3130fa94a2e3c234af3fd9d830a2168f6c3734f7fc12b2c6a62f347157b6,1190e36ad88398002c5c590697b1c9a3e6612ec32f530eeb765003b1c0375a97,8d81d8ff442e96506ce4d72d42b8840ab7350ac178501d2f01aee062168523f1,2023-04-02,a47a96130340cc5307215e905ffe8f9bf3ec4be83c2c1ac99cf744fa0fcf34d4,1af2d2c0e7a877e2c9971ce27961d479841b8884c18b284c5b2b92c22713a3f2,83324750de88013fde80c3c2306ed3ce1449c7d3e7905cab33ef69eb5002572f
2c430ca0fd84ea7e472004d80dfc6fe96d1f45d97426f0d48ebb9c39719dc39b,6d039e677cb8594426a96ba62befb68dac7a728e0e067ef548b5aa8340296693,176b67b9e4191cb537e8736abdc94affa15e3124cd321f6ca10dbee7aeb54b1e,2023-07-06,c49a149d95820fde602667dd87cc21b31c30c88f678dbeb6cf5615f966fe9ecf,4418053898d22bce249062fd0451f54759d270e558cf64404693695dd5f5588a,ddfd40a1a1a2724a1bce878f597cb026f13c3a79373d71fc3e5c9aa719c0a6c5
cb6cea0ea999a04230c87222afac538eeab26df442ea788432d42b448c173304,c49a5d50317c7be55e3309942682a8039fc7aea80edd220128d010e76bf2d230,1bf78e043fea8564aa8247714cf9bfb9517e6a731cd12d6033a1073abcc1045e,2022-11-07,543a176998215372dd9994b4d50ee9a87b8fc9e2e72172a90297bf4d13236e2f,34b97f24debbf7c380cc59844b1895d2a64efe36baa3793786227cc7a43d8824,8fb6f52c72832486bfec6d0432a2138b96388cbf87e04672689b25b908364b5b
2a717d3728405979c8391ff2a7d800ddf30ec70d4d7982d26798415f2abf4ada,5b19df61c6dc74c1bf119fa898cb3a94b253b968fe572ffe9fd59eb33302fb30,99532ddee923945c12087219e742e99ef8bd5adaed74fa644c63bf8451a567a6,2023-01-02,5127f4a976aafda64e89967cc7980898897c03abfbd98b749b6a9333005bfb44,f6ff5e5f3db3a6e255b8f21444ba226169926432a028c503897368a65c0c2329,925c01d0b50c0583162d073c1da845f0b344ee9de2d8e9efa59cf6d7287d2a75
d9af006a788b8163041025abb94003469c3e569e5bb7113a054ba2f717a8af8b,920cd684dc1dfa1b5404e7739d6e009b105fb49ad2d06e1e69721951ed0d0e68,c0197e8c64c6b3454e5cb53e1b9ab1c3c6ba9e8f13e4763a68b84fa35e7b29cc,2023-10-02,eef9f9ced954be01948e2f77589277405e07570ed62bae9643324fecd18af9f9,33d37903684505b3b8e94b06d826457177290263317643150c7f1ce4ba1854cf,ac33c6141a469aa82c3058f4d153e3478bc1dd0bb90e5067474d7400a86c7a6f
2b6ab86507619cf242013901230c582f8bc92a1ea57a649ec3ce20368ddf7db1,116875a874641c389f6beee4bddc5e5a1b84c93ea2787a46b1e21d6b8aba12b1,9b3893ae0b38d0fac52930350ff9663175d6e941191c90a7ba48be08e4c58f4e,2023-01-03,67a24f1f99650949630b61c790c4de42a80dd4759f5e9a069d99a94e10c043e4,a217ad84fc0a3fb28043dcd064d3c42987e0b1dd5f58a4a10f6c7bc378efe59e,c9f21949a1f5b2ebf0eff9052ebbd12054d8c3dd0e55275ce71d6b7f32151062
f9051c2b729c9bbad944288f7ac9480b947bf76be9de9b86b274c22563ad5691,e6c2a52e1e7cf737799ec8c06b16853ec4ddfd37b8013386a23207b579038438,25346936018ba9eb147339b5e7db8d36335b44b108d7add73bfaf10e23e8bc52,2023-05-29,3c27df3c7fdb3c12454654fe4e4fb00dda3361c2ad517c34b5ffb1c654f537a1,e81cd326e2b80999152839adfe1145394b0120d72f726b625c31643c3184f824,98af89196538e7b80768b037a4f463d8e48ae89aede1abdd8af07dee6bbb2d5c
91a227266c68544bc80a1e92d5de9e1467ec826295e873cf84aa3f06789773a9,7bba352f1f8ab4b0e4973acb479f832eea5da30c08d8af7c7c31837ff273e5e2,6b60d667642c1dc501645ab4bd067396a6ebc3d76d1796a1c6f73b47b40644ec,2023-02-03,74249a2cb73faf3cd60d4bbb1c9b0999c799bc03f3f30513084dfb566c1582c6,5b09c4416d6fe99c5923a6694920862e242e3d9f963f9f67b808763ac7d3c820,c7cd8522ac16e5b5f32d16e73db259e1a58a7df961d30c81c3d10acaea2751e5
2e5b62782f27a016b398fbb8cc5babf2da0bb2e8b205d58f10e6137bd3122b4b,43a48ef5fed786eff44813a2554867807fef40d7962faa0e0fe07b43b4a0c660,6c9af657870d98e88c19562d11c7965f91e849c050a91c52ef1abefd0add6c4b,2023-05-20,23448e5e45ab911dd44bcf1d16d7eaebb3b4cba5d9952cd75267e0bda4b1ff73,6e6e71dcf19838af110611242d31017bbbb8c8669266c402a16ce9a10cd673ad,7829a561d02a6d0b26dd46fc796a1ab2149d5086abee24b4d3f90f63cd7159ec
27f2a80a5a89647ca062f667fa74ebcc28ebf5b8295b677d15fe8097fe034b6f,34c825fabb2ac439521633c897eec55801b96301c11109af0dea16806a665592,38aadadcee81714dbe046196d1d965ba5856d9a6fc775d6139e6f84fff6c338f,2023-02-22,ba063c656465a84211f2466f186dee61925223e597fc097524a9f9649021e7fc,fee98dcbd8e38453b5fb58bb232e22546592d54a1ec3de4d18267d7fd68b4a9b,a8cf329ef703a739ea1043814b8881028f41f1216535c6c168f8337133f2fa94
543baad277037baab9608225ef952eac5a3369073f1c776e7caaef4b6de8c305,d77008f2b04f737c900dc19c9f3b4b830abd217af93f10ef2608afc861745edc,737943fc01a5b20be2fd335de1514b639ba7515e4991e254e38a08752a5b321b,2023-04-23,bb3f22182e8c3aa75a5244408d584485f0ca4dd8d400cd2f1f7b36cd7ef80c7c,b0bd9abdaef53798aadecc1c4b2dbfa45258097195bcf888773a494d35081661,b1941379a16dad9cfc6988493e7e2aaff3f4b992bb840ba7791ecb3f72c9667e
836a4b4133d9fb75b543eef16baf28c5fdd8d2cd69735b0a1d70e6cb12f671f5,264510f0f2b2ecb5482fdbc0e38466fb377d186ab5650c9227f6d62e3741b505,a2bbabee3afa48983542cabd61d13be903f39fbd1b47380c919de8be72b49563,2023-03-21,68902a86b824466673a11147a24e7ad549ecaf08b3beb133646b30c3332d726a,5214f64592199d862ace7a9f16953f18799183261d7b6d2e39ecc883a40ece34,017fc460b46fc14dfeeb2b0c72dc45e43db0aff6a824e8dbc58e351d7dcebcbc
210fd202b22a6135be83af8f31752e9ac5e786996514a3543c8e23eaa0f6d55a,314c0c30207378f9962c1f6688e1f9c0fb0d65f1bb913268d578733c7e242bd0,c5eeb58cdc561f9a9b1fb707343131bd67e3982a8dc65ac5ac2f82361c1e7be0,2023-03-09,fb54246bcc9dfd6f86d06a76e8a1cccb2d880e6d7ed6e7cd60ea8a434c16e305,7c716f371556f9726d7649a2718fee4bcdda4b61ba5271b7537692e8c1824e4a,944fef85f37a74e411d30e41d0fe969292520337e3faf6714601ba9a8b18f355
f4912c6b94a49ab1432fc22014e003b2b3206a1eac15f8036449adf75e2fe9ae,fdfd34cc9294471a338330bd8e3264e8942934a84cb2d0ad6f00d49ec649e9d8,a44e81a81d37a85d2c3ce738e505bd38345735e234909e31149ca301538b2955,2023-08-26,a5c3dee83cb967ac8b8bbfd7160b528b1fc14fbf78465c341432189cee0a5216,0ce12e2c1937afd8184f4ae9c46cfd4e107a5bc614a244a579a65abcd32f9393,0704f9fb8fd45b6e8dbf6ef80ad4a6dee93611549e9f21888b98b21584852b41
08016a5327fbc2327c350cb40d3c8a86b0d41ba7c7c491ee6b488d57d3954e4a,76be903057132ce2783e142599c8370db40aaf653c527752cde0a19a31f87507,a06455e1948fc2883160f7a3e144de9a4649c15559eef473e5ca2675ad707799,2022-12-05,8754ea6fbf116f88f436ca876a5dfcb327d96eaeb03f9989480cf78319df1da5,91d30786c97e89f031bfbacc3b1e25f94b97b482519d468ade348cd2e0948ef0,fcb5373318cab1fe81cb7e2c7a24074dccf5d7ff65376110816192ca1726c99f
539ec114d036c1f2cfa99f2bda13577c7c57267d6afca503ddf1d140309808e8,cc28e686430555b0e09c4b5f5067c0a4f6f4f9f8341618c3d2f8fd5a4bf7149e,a572f837902aeae1cc9f0d986ccfb69919d76b5dbb76d7e9b82af69b07019919,2022-11-08,45b25756b16821e884df391685bfab2eb51649a5fc4ef2a46c370256dbbabd1b,2a82587dbc9e1a3ca41c035ce83923007f9e806d785a63204118cdb57b71c0c7,5e583e4cdb76d0380416200b3568970254cbfef6dcc50b9723c12b99dac5a75e
597f43f468373624a9d0eff42021c630e18fd894b9e9aa0dc1b7d30eac156010,5ba2034f7b35a57b390da32891a30ab3ec14d0a1ba88a641c34d38b0a39db4bd,c4a5ee5bdf4ef46e75bd81575d5b24dc548b3f5de3836cb6817a732e6c73b2b3,2023-10-02,5758c0fcca658b8fc1964fe9541d61c05085dfdb09d8afa2b7106d8d1f43f50b,36bbafded73bf76e901043732e690066acd24694460d1732b23348ee19fc74c1,dc808dc71943c5947e2228c2a7e063311936a3435305c95e2e4c49dd09165fec
f3a4d690c2c8ad103875e102aaa9079fb7bb67230ca06812e30bfb890abcc388,dbbe76deb15b3a0dbf7f96c3cfde662bc63318f6f4e612dfb1a1f57723a275bf,cb080c08c85c142ffdba41d587bd3ac3ca65751a9bab705a4106182bcea6fb77,2023-08-28,3ec25efbe5ca23b12283502b130c72ae0012cbae9a3536bebd2df3eedd0bcf2c,0eb25ad2cd19df27867d443661c70bc0fbf107c5ec04f0cec6c48f78f7fb6d48,2fad70c33db8b4f223254a701face1325db41b4ffda8403853d2c53b6ad9fd03
3e0d68b481981b7ff5ebb992575cc6677ca180d5c812bdf841c96c428c32c06d,77dff5e06363049c05d4f05aca4dd62e62cf7cd8e3a117e0b547042d83099d1e,c62e466bd58ac83ecdaba624fb1bffd07cd1cffd913329212ee7f1bc3734f975,2023-01-03,efa79a394c547727416cad6fb9e9a2cad2b49a2041ed14e00c44a53bcdd07c26,f7da276b24a93076b76007c23ec8d849a145b2c09e813a947cbd9296942914a4,408c89c03f553882f22e3994dc540e1d46667269c3412f834b29f24e91d837e7
1595e61292f90017fdda218fd546f84914a8607d85bfd1abc2ab95a4177d727f,59e9cf69e2814f6eb1b2f52010661390ede7cf0cca0aafe94ca9094703085d64,7c99e0749f50b0180abc8b0cf0e82a16dbf0d7a8e2a1658e0a8accecd4ebbf79,2023-06-01,2307ffe06bb5c28ed5d7517bc417052353ee441e49d70b4343671e340f78fff6,6fc87af7b42e23d0fbe4d203644699d999dc3a088f652a285019478d4ff2f6ca,3b6a4c56f8b4606f8c16bbede3ec2db3ed64939f6fb152045f3c45717dde4d83
d608b8b9367c69ed55e206a72d6327e8c4d9dbfa80bafe7010dbd7814122f045,2aa16549a9d42df97dd7770d550d5cea8edeb959f39d705de94ced6cc2267545,e285ee4c1d5efd62fd73a97744defa8ba28e950ebb7cca48f8ad6be76c078be4,2023-04-25,6b192d835b3548252eb63826dda00406536e70ba9b824d5810f0f12d82cc57b6,f939215b8b584aea4bfeb5e7f4de646d8055ecd6310ff8ffb61a7f4d1abfb40e,63cb907355bcfa99ef17db18703abaf77a6e3b4b04f4ff66a6bc0f20aefffea4
e3edd38a79017f572368877dee1963e604c20bd8f6e54e6bc8e20daa980de996,bdfb0f2cb219b1f785701b3397093f9d2ddc9a8f215b5023e505f2aae3033635,0a6b404bee4d46531719e5174ac60ca594d48e41c4999802964b778e5671574b,2023-11-13,79cd558527e80d8bf7a1f64025618d1a075ccb6865464705e8df5ba426dc917c,a67526136234ed925a44f1aa7b8593f76588ddfc6c02b60b65eea6bd51e78f55,fd66a975a61d7ff961df8b81f82b3adc272cb28b63e68dd1b73abc7d4b35c5ae
29d67cc306ec4bf03cbb716eb0c09b5d42cee9c20cec982cc13a3a387376aedf,bd921f58aea7d596b50fdb6e661da5d7d74a824d8fb95fab1a02d70065ab4410,3fc11572cef356916a6a4a76f505bbf5e0a308267fdf11db1776b6e5e090fbcf,2023-01-29,e70421cb587b2cccb33cf98303b60b404b4ca32a5529b535051277a9f00e9aba,7c6e23b6dd0923c281c9403f270bbb49650fab8e64838b96676a57be3011f956,267337e28fa833856029a6efcce6b1db5a147f47f4c2cb4bfafb686899e75e97
d24a537fa356f2efbfddb5b0da8d5813c81d54285d5149eb0d7cb88e0f4f30ae,616ddd83cf83fa192851cc876854cd4d5a47ee88ba0e4b8f6fc01ad6994b103f,1528bc0ae98bcd488fc390df7db56d5656a45ba424ad539558c48eb382881ff1,2022-11-30,d346451d7468840c57c54d14ed5b9d93eec982fe3165f3d79133cdb77d96c0a7,875af7353a816e221a84f982a2d11477294b0d017ece327a0cc87a7725e6cbd5,b5b8f8346f89f7d016275f1a7158bfe5645048a6e37390c79f1edc1b598842aa
ba1d57ea3f04c477971e7605014ca9abc2e257c8856566c8e61f863f0665f4da,c5e5e15e3ea6306f199f350b7f1efffb05b66d476f07bae4a87e890e134ffa4a,5f0c3ae67fcd882ecedd06d569e0b0ab30eb2cbcbf868d910cc8c379e2fb5106,2022-12-16,69bc9b98bd74775f2c72909613ba0bacba3a6d5f533e4a1c5d5fe8de7f1f46d8,0eda0191fe47caa0202e1f951d149dd23d6b12c7a8ea8c5c572ad527600c3602,38ca47b1e9e013e0347e9ca928daacaa0f0ce1398a61f3933096372fc61735bd
5b1f0c2def6496520b7f051e295b2e41784b7dc89b056a0a12bc7181406faa58,a6ccdf249d605bb398194eacc07111dfd1d7c9f82cfcf3b03ec19df4709c853e,105cee03285b0c1a90ee9e1becf5758aa6da9fc04d290364d89005766884bbe3,2023-10-08,9f80a4e91019aa613cd37cb7ae1a1e206ef44affdf11d5799f3524bef096ae1a,da389de561265cb56a604974fa4670a0f92d9ba3f46a6c7fcc5373f40f5cb6dd,d3edcba726204e17c9280963cedaeb99994745623f6c2f98c02e37dc0ee51144
17c188b21d3fa79142d4585a583edaad23669e6668e490f123540dd0d3123b2b,c51a0c3fe534dd7adbe667daeeb0cd82cb76f3185acc8671c4a15efbf462e67b,c26f0b0323a1af7ac87fd62e19206fbe5cb73675e1e1e43646f2d74c05e3a016,2023-10-26,cf5a95273e17076392d7a9fab2239ac6d0ec17099c97755f79cf211f6cdfc7af,e296f881833e43abf4c2d296c6c2e2e24dc03248a18557f0c74a1abe32d321ae,427ca459498b14b1c134dd8cf7835a6049386e88f219e0d1f0b6da1e85af09b1
f64d614818b96724ffea1d9af609bc7d7694264cc4b1be811e741453f3e8ea69,235384e4f549f91de35488f524033581c42ffc7b2d44fa9f698d01d285548412,9a53ad3426a93e4d9eb69dfe33b37eca25c3b59315916fb39794a3304904335c,,868f06d68d90c02b02632b9107bd422d657a3966b6e460f219aec9c7f1ca0319,7f1e205fcdaff815bd681625207690aa4dd26b2ba83f2782f3ff86c7757faa6d,83bb9a154676836b8cefbec1d1008188e06cb091056cf11537dc2d5cbf44e6cd
39a503e60ed9050877d19f6d2e97f9df9a5804f5c580b1554922bf8a2fc123d3,139ea6fe7eaea5399237a46e5a4cc0e9cf314a9de6b7a2d7d15daaa9b6d7cc4e,a83918a5f58db84bb67a01f6138959a59e38491201f4ecfd9155c6e8a107b1b2,,95ce50218d82f07ea4e3f0e8f14d9c7a0ffb3db930520e4bcabd8fcd0da966fc,e63767d4dce38eca5d6a4eeb25e965eb6975aa56a975585132c939b311b5862f,05c34c3ad5d59670697a41f86828d5414ffb69ebddf2c7167c0403d17dd37903
c6f4c19613bea577f84458451f2efcc7d70b64220e19240c9eb2c318ff1890b7,a975f93cd1c461b31fe3685444fb8f50bd07c3a5f78c42a2e286d619d894aba6,54f469bd21a40f8efd00d64348cee9091a7d1e5db3f53371ac9451f756e7539d,,cf3e211c904f8f6f3b506811b51095a0391eadd91174ccdba20321d34d7dfe1d,7673d758eb5b5dac6753f4f5e16b5213889386ac31607bcb7246617322ae4bfe,12583a04ff70a2e100c8163b2af6915c0046da56e94d3fb3ade37c6760f8b713
b01ee5c41eaace32d270b8b7d2be6048994d1e1d4aef6fd164dc2fb730bc968d,f272583846774e7057d2a4796c8d13bd2583e5726a8bd7a72388410a8db16ba1,79a9d249d569982cc759973b38c6d8eb2569ef5f976cc42dda8f0dc9dee0dfc5,,4613e524941110c3993baf09d7e3f2e9564f659e2dff21c29344aabbee92c44e,7af3c89b63ad26669f0674c33c6738d6cfc7330e777e65153e547925de7606d6,55b826433559abdd2a03a1a9c2430add9ee32547305f1645343a1fd473e1b0b4
95928fef9b4a0d7101ed82e4b6e1d17fa7b181b91fcfc3613c6e40646b398d07,4ab1e732324e1f727e5f3940993d0d454ef9114394bbfbb5cc96d65c45293234,b6440dc210b19ada701cf7060d2bfa8219e4c40e07a79c61c7e0009770b8a3c8,,6904b0e8518ab19796a18c54c16dbb16c8d7135a95349b41428f0690b37633a4,c631b2054b0d3b24020eac07f0de30640341f9a71f05faba4995ada6b015adc5,d1841c356d0cd5fabc78e92cf0539fbd62ed56050ebdc15d5e5f63a2c8d3f0f4
